id,site_id,title,seller_id,category_id,price,initial_quantity,available_quantity,sold_quantity,buying_mode,condition,pictures_quantity,accepts_mercadopago,domain_id,attributes_quantity
MLA746509501,MLA,Google Home Mini Parlante Original Español Ok Google Gris,91988078,MLA409415,5499.0,142,1,50,buy_it_now,new,6,True,MLA-SMART_SPEAKERS,14
MLA868448532,MLA,Google Home Mini Asistente Virtual,557639592,MLA409415,3890.0,43,1,25,buy_it_now,new,3,True,MLA-SMART_SPEAKERS,13
MLA747593028,MLA,Google Home Mini Asistente Virtual En Español Con Fuente,114495635,MLA409415,4870.0,926,2,450,buy_it_now,new,7,True,MLA-SMART_SPEAKERS,14
MLA721141246,MLA,Google Home Parlante Manos Libres Nuevo Original 2019,309453406,MLA409415,10999.0,1031,500,25,buy_it_now,new,9,True,MLA-SMART_SPEAKERS,16
MLA763380385,MLA,Google Home Mini Asistente Virtual Español Youtube Spotify,309453406,MLA409415,4499.0,256,1,150,buy_it_now,new,18,True,MLA-SMART_SPEAKERS,13
MLA758168724,MLA,Parlante Inteligente Google Home Inteligencia Artificial,284824585,MLA409415,10999.0,1004,500,5,buy_it_now,new,9,True,MLA-SMART_SPEAKERS,13
MLA829306982,MLA,Google Home Mini Asistente Virtual,139052045,MLA409415,5599.0,276,2,200,buy_it_now,new,8,True,MLA-SMART_SPEAKERS,14
MLA860966498,MLA,Soporte Stand Estilo Reloj Para Google Home Mini Negro,161008662,MLA409415,5189.0,2,1,0,buy_it_now,new,10,True,MLA-SMART_SPEAKERS,14
MLA835872692,MLA,Google Home Mini Asistente Virtual Español Youtube Spotify,309453406,MLA409415,5699.05,1046,500,30,buy_it_now,new,17,True,MLA-SMART_SPEAKERS,13
MLA868863438,MLA,Google Home Mini Asistente Virtual + Chromecast 3 Smart Tv K,153269826,MLA409415,10999.0,3,1,2,buy_it_now,new,10,True,MLA-SMART_SPEAKERS,13
MLA874517599,MLA,Google Home Mini Asistente Virtual En Español C/ Fuente Orig,84248889,MLA409415,4870.0,25,1,3,buy_it_now,new,3,True,MLA-SMART_SPEAKERS,13
MLA874518149,MLA,Google Home Mini Asistente Virtual En Español C/ Fuente Orig,84248889,MLA409415,5999.0,25,1,2,buy_it_now,new,3,True,MLA-SMART_SPEAKERS,13
MLA872009522,MLA,Google Home Parlante Con Asistente Virtual,39378427,MLA409415,21500.0,1,1,0,buy_it_now,used,6,True,MLA-SMART_SPEAKERS,13
MLA867691178,MLA,Google Home Max Cuotas,195280543,MLA409415,90000.0,1,1,0,buy_it_now,used,6,True,MLA-SMART_SPEAKERS,13
MLA855019540,MLA,Google Home Mini Asistente Virtual Spotify Netflix Youtube,199340505,MLA409415,4699.0,11,2,7,buy_it_now,new,4,True,MLA-SMART_SPEAKERS,13
MLA863056590,MLA,Google Home Parlante Inteligente Con Google Assistant,51644306,MLA409415,22000.0,1,1,0,buy_it_now,used,2,True,MLA-SMART_SPEAKERS,13
MLA694840044,MLA,Google Home 2017 Inteligencia Artificial Parlante Nuevo,119914491,MLA409415,10999.0,1030,500,25,buy_it_now,new,10,True,MLA-SMART_SPEAKERS,14
MLA850868000,MLA,Asistente Virtual Google Home Mini,540797376,MLA409415,4585.0,29,1,10,buy_it_now,new,20,True,MLA-SMART_SPEAKERS,13
MLA729305396,MLA,Google Home Mini Asistente Virtual Manos Libres Cuotas Om,3681986,MLA409415,4300.0,19,2,10,buy_it_now,new,12,True,MLA-SMART_SPEAKERS,13
MLA866136495,MLA,Google Home Mini Asistente Virtual Spotify Youtube Parlante,540797376,MLA409415,5273.0,24,1,6,buy_it_now,new,20,True,MLA-SMART_SPEAKERS,13
MLA873210691,MLA,Google Home Mini Asistente Virtual En Español Con Fuente,9316603,MLA409415,4850.0,98,50,2,buy_it_now,new,8,True,MLA-SMART_SPEAKERS,13
MLA862820574,MLA,Asistente Virtual Google Home Mini Casio Shop Oficial,190176168,MLA409415,4699.0,4,1,3,buy_it_now,new,2,True,MLA-SMART_SPEAKERS,13
MLA869347577,MLA,Google Home Mini Original Asistente Virtual,48785230,MLA409415,4499.0,5,1,3,buy_it_now,new,4,True,MLA-SMART_SPEAKERS,13
MLA875206222,MLA,Google Home Mini Asistente Virtual Spotify Netflix Youtube,199340505,MLA409415,5900.0,7,2,0,buy_it_now,new,4,True,MLA-SMART_SPEAKERS,13
MLA763380836,MLA,Google Home Mini Asistente Virtual Caja Sellada En Español,119914491,MLA409415,4499.0,1092,500,55,buy_it_now,new,17,True,MLA-SMART_SPEAKERS,13
MLA873235618,MLA,Google Home Mini Parlante Original Gris 3 Cuotas Ade,340109223,MLA409415,7899.0,2,1,0,buy_it_now,new,2,True,MLA-SMART_SPEAKERS,13
MLA873235565,MLA,Google Home Mini Parlante Original Gris 2 Generacion Ade,340109223,MLA409415,6399.0,2,1,0,buy_it_now,new,2,True,MLA-SMART_SPEAKERS,13
MLA860967814,MLA,Soporte Stand Estilo Reloj Para Google Home Mini Azul,161008662,MLA409415,5189.0,4,1,2,buy_it_now,new,10,True,MLA-SMART_SPEAKERS,15
MLA836747661,MLA,Google Home Mini Asistente Virtual Spotify Netflix Youtube,9137597,MLA409415,5870.0,14,1,2,buy_it_now,new,8,True,MLA-SMART_SPEAKERS,13
MLA870408880,MLA,Google Home Mini Asistente Virtual Y Chromecast 3 Smart Tv4k,352339997,MLA409415,12500.0,1,1,0,buy_it_now,new,10,True,MLA-SMART_SPEAKERS,13
MLA874483540,MLA,Google Home Mini Asistente Virtual En Español Con Fuente,625563456,MLA409415,4870.0,20,2,1,buy_it_now,new,4,True,MLA-SMART_SPEAKERS,13
MLA838212566,MLA,Google Home Mini Asistente Virtual Spotify Netflix Youtube,9137597,MLA409415,7147.0,7,1,0,buy_it_now,new,8,True,MLA-SMART_SPEAKERS,13
MLA862156218,MLA,Soporte De Pared Google Home Hub - Base 138x60mm,64130989,MLA409415,500.0,4,1,3,buy_it_now,new,3,True,MLA-SMART_SPEAKERS,12
MLA865181034,MLA,Soporte Stand Para Google Home Mini (impreso En 3d) ,17784913,MLA409415,1600.0,1,1,0,buy_it_now,used,3,True,MLA-SMART_SPEAKERS,13
MLA860969801,MLA,Soporte Stand Para Google Home Mini Charcoal,161008662,MLA409415,3419.0,4,1,0,buy_it_now,new,10,True,MLA-SMART_SPEAKERS,5
MLA874102854,MLA,Combo Google Home Mini Asistente Chromecast 3ra Generacion,540797376,MLA409415,11229.0,13,1,0,buy_it_now,new,20,True,MLA-SMART_SPEAKERS,13
MLA870404675,MLA,Google Home Mini Asistente Virtual Spotify Netflix Youtube,352339997,MLA409415,6499.0,1467,500,0,buy_it_now,new,9,True,MLA-SMART_SPEAKERS,13
MLA869135415,MLA,Google Home Mini Asistente Virtual,557639592,MLA409415,5490.0,5,1,3,buy_it_now,new,2,True,MLA-SMART_SPEAKERS,13
MLA872331533,MLA,Google Home Parlante_asistente Virtual ,8622368,MLA409415,29999.0,1,1,0,buy_it_now,new,2,True,MLA-SMART_SPEAKERS,13
MLA874105187,MLA,Combo Google Home Mini Asistente Chromecast 3ra Generacion,540797376,MLA409415,12914.0,13,1,0,buy_it_now,new,20,True,MLA-SMART_SPEAKERS,13
MLA762899603,MLA,Google Home Mini Asistente Virtual Tiza Fact A-b,60246795,MLA409415,5164.59,5,1,2,buy_it_now,new,8,True,MLA-SMART_SPEAKERS,13
MLA863078507,MLA,Google Home Mini Parlante Original  Ok Google Gris Zonafox,278768157,MLA409415,5799.0,8,1,0,buy_it_now,new,1,True,MLA-SMART_SPEAKERS,13
MLA857710195,MLA,Soporte De Pared A 45º Google Home Hub - Base 138x60mm,64130989,MLA409415,700.0,2,1,1,buy_it_now,new,5,True,MLA-SMART_SPEAKERS,13
MLA874483632,MLA,Google Home Mini Asistente Virtual En Español Con Fuente,625563456,MLA409415,5999.0,20,2,0,buy_it_now,new,4,True,MLA-SMART_SPEAKERS,13
MLA858332153,MLA,Soporte De Pared Google Nest Hub Max - Base 208x90mm,64130989,MLA409415,1050.0,1,1,0,buy_it_now,new,2,True,MLA-SMART_SPEAKERS,12
MLA860966852,MLA,Soporte Stand Estilo Reloj Para Google Home Mini Blanco,161008662,MLA409415,5129.0,3,1,1,buy_it_now,new,10,True,MLA-SMART_SPEAKERS,14
MLA762899604,MLA,Google Home Mini Asistente Virtual Tiza Fact A-b,60246795,MLA409415,6240.55,2,1,0,buy_it_now,new,8,True,MLA-SMART_SPEAKERS,13
MLA762283141,MLA,Google Home Mini Asistente Virtual / Spotify Youtube Netflix,40286624,MLA409415,7200.0,4,1,0,buy_it_now,new,8,True,MLA-SMART_SPEAKERS,13
MLA875455419,MLA,Soporte Para Google Home Mini ,118422520,MLA409415,400.0,1,1,0,buy_it_now,used,2,True,MLA-SMART_SPEAKERS,7
MLA874246745,MLA,Google Home Mini Asistente Virtual En Español Caja Cerrada,38649908,MLA409415,5600.0,10,1,0,buy_it_now,new,4,True,MLA-SMART_SPEAKERS,13
MLA860968751,MLA,Soporte Stand Estilo Reloj Para Google Home Mini Naranja,161008662,MLA409415,5189.0,4,1,0,buy_it_now,new,10,True,MLA-SMART_SPEAKERS,14
MLA823568504,MLA,Google Home Mini Gris Y Blanco Sin Fuente,192624559,MLA409415,6490.0,2,1,0,buy_it_now,new,3,True,MLA-SMART_SPEAKERS,13
MLA870844558,MLA,Google Home Max,195280543,MLA409415,75000.0,1,1,0,buy_it_now,used,6,True,MLA-SMART_SPEAKERS,13
MLA860969907,MLA,Soporte Stand Para Google Home Mini Plateado,161008662,MLA409415,3419.0,3,1,0,buy_it_now,new,10,True,MLA-SMART_SPEAKERS,15
MLA860968876,MLA,Soporte Stand Estilo Reloj Para Google Home Mini Dorado,161008662,MLA409415,5189.0,3,1,0,buy_it_now,new,10,True,MLA-SMART_SPEAKERS,15
MLA874345304,MLA,Google Home Mini Asistente Virtual + Fuente,554331726,MLA409415,6490.0,2,2,0,buy_it_now,new,10,True,MLA-SMART_SPEAKERS,13
MLA860967772,MLA,Soporte Stand Estilo Reloj Para Google Home Mini Verde,161008662,MLA409415,5189.0,2,1,0,buy_it_now,new,10,True,MLA-SMART_SPEAKERS,15
MLA870468692,MLA,Potente Altavoz Google Home Especial Para Domotica,285655608,MLA409415,25000.0,1,1,0,buy_it_now,new,6,True,MLA-SMART_SPEAKERS,13
MLA857704576,MLA,Soporte De Pared Google Home Hub Max - Base 198x84mm,64130989,MLA409415,900.0,1,1,0,buy_it_now,new,1,True,MLA-SMART_SPEAKERS,12
MLA842038349,MLA,Soporte Google Home Mini,94530616,MLA409415,300.0,114,50,25,buy_it_now,new,5,True,MLA-SMART_SPEAKERS,7
MLA873613441,MLA,Google Home - Parlante Inteligente Con Asistente Virtual,19054175,MLA409415,23000.0,1,1,0,buy_it_now,used,4,True,MLA-SMART_SPEAKERS,13
MLA873595131,MLA,Mini Home Google En Caja Cerrado Nuevo Tucuman,34690461,MLA409415,4999.0,1,1,0,buy_it_now,used,5,True,MLA-SMART_SPEAKERS,13
MLA875677647,MLA,Google Home Mini Parlante Virtual Original En Español ,75304177,MLA409415,3799.0,1,1,0,buy_it_now,new,5,True,MLA-SMART_SPEAKERS,13
MLA873741469,MLA,Google Home Asistente Virtual - Como Nuevo !,33079880,MLA409415,16500.0,1,1,0,buy_it_now,used,7,True,MLA-SMART_SPEAKERS,13
MLA875194351,MLA,Google Home - Asistente Virtual,393732391,MLA409415,40000.0,1,1,0,buy_it_now,new,3,True,MLA-SMART_SPEAKERS,13
MLA870860521,MLA,Mini Home Google,50278256,MLA409415,4000.0,1,1,0,buy_it_now,used,3,True,MLA-SMART_SPEAKERS,13
MLA871427544,MLA,Google Home Hub Nuevo,162550028,MLA409415,30000.0,1,1,0,buy_it_now,new,5,True,MLA-SMART_SPEAKERS,14
MLA873792045,MLA,Google Home Hub Con Google Assistant - Chalk - La Plata,2056545,MLA409415,25899.0,1,1,0,buy_it_now,new,5,True,MLA-SMART_SPEAKERS,15
MLA869696917,MLA,"Google Home Mini En Perfecto Estado, Como Nuevo. Tengo 2",116181204,MLA409415,4500.0,1,1,0,buy_it_now,used,3,True,MLA-SMART_SPEAKERS,13
MLA873003396,MLA,Google Nest Hub Home Hub,77602797,MLA409415,26900.0,1,1,0,buy_it_now,used,5,True,MLA-SMART_SPEAKERS,19
MLA873245368,MLA, Google Home Parlante Inteligente Grande - Nuevo Con Caja,60147654,MLA409415,13000.0,1,1,0,buy_it_now,new,4,True,MLA-SMART_SPEAKERS,14
MLA866115743,MLA,Google Home Mini Nuevo,89541138,MLA409415,6000.0,1,1,0,buy_it_now,new,3,True,MLA-SMART_SPEAKERS,13
MLA875736898,MLA,Google Home Mini Nuevo,81323551,MLA409415,4900.0,1,1,0,buy_it_now,new,2,True,MLA-SMART_SPEAKERS,13
MLA875388529,MLA,Google Home Mini,634736410,MLA409415,3680.0,1,1,0,buy_it_now,new,2,True,MLA-SMART_SPEAKERS,13
MLA870107174,MLA,"Chrome Google Home, Usado Pero Anda Perfecto!! Original!",50630787,MLA409415,4500.0,1,1,0,buy_it_now,used,2,True,MLA-SMART_SPEAKERS,13
MLA870946833,MLA,Google Home Assistant ,618084836,MLA409415,18500.0,1,1,0,buy_it_now,used,10,True,MLA-SMART_SPEAKERS,13
MLA866547641,MLA,Google Home Max,195280543,MLA409415,65000.0,1,1,0,buy_it_now,used,6,True,MLA-SMART_SPEAKERS,13
MLA874753113,MLA,Google Home - Asistente Virtual,491801942,MLA409415,41990.0,1,1,0,buy_it_now,new,2,True,MLA-SMART_SPEAKERS,13
MLA873995698,MLA,Google Home Completo Con Caja ,151518312,MLA409415,14000.0,1,1,0,buy_it_now,new,2,True,MLA-SMART_SPEAKERS,13
MLA871351228,MLA,Google Home,30006791,MLA409415,26000.0,1,1,0,buy_it_now,new,3,True,MLA-SMART_SPEAKERS,13
MLA838998041,MLA,Google Home Mini Asistente Virtual En Español Caja Sellada,174207340,MLA409415,4800.0,4,1,0,buy_it_now,new,5,True,MLA-SMART_SPEAKERS,14
MLA871593570,MLA,Google Home Mini 1º Generation,569652090,MLA409415,8000.0,1,1,0,buy_it_now,used,3,True,MLA-SMART_SPEAKERS,13
MLA874344037,MLA,Asistente Virtual Google Home Mini,447335025,MLA409415,3500.0,1,1,0,buy_it_now,used,2,True,MLA-SMART_SPEAKERS,13
MLA874786831,MLA,Google Home ,141520351,MLA409415,22000.0,1,1,0,buy_it_now,new,3,True,MLA-SMART_SPEAKERS,14
MLA870258372,MLA,Google Home Assistant - Asistente Virtual,11432454,MLA409415,15000.0,1,1,0,buy_it_now,used,5,True,MLA-SMART_SPEAKERS,13
MLA868022506,MLA,Google Home Nest Mini Segunda Generación,292826710,MLA409415,10000.0,1,1,0,buy_it_now,new,5,True,MLA-SMART_SPEAKERS,13
MLA871569589,MLA,Parlante Google Home Mini Asistente Virtual Como Nuevo,96348056,MLA409415,4000.0,1,1,0,buy_it_now,used,4,True,MLA-SMART_SPEAKERS,13
MLA874948943,MLA,Google Home Mini Asistente Virtual Charcoal Nuevo!!,583360124,MLA409415,6499.0,1,1,0,buy_it_now,new,3,True,MLA-SMART_SPEAKERS,13
MLA868121147,MLA,Google Home Mini,588683753,MLA409415,4500.0,1,1,0,buy_it_now,new,1,True,MLA-SMART_SPEAKERS,13
MLA874453981,MLA,Google Home Smart Speaker Parlante Inteligente,51644306,MLA409415,19500.0,1,1,0,buy_it_now,used,2,True,MLA-SMART_SPEAKERS,13
MLA868387967,MLA,Google Home Assistent ,302423305,MLA409415,21000.0,1,1,0,buy_it_now,used,4,True,MLA-SMART_SPEAKERS,14
MLA867601031,MLA,Google Homo Mini-asistente Personalizado,236896201,MLA409415,4100.0,1,1,0,buy_it_now,new,3,True,MLA-SMART_SPEAKERS,13
MLA863052117,MLA,Google Home Mini Parlante Original Español Ok Google Gris,30081102,MLA409415,6999.0,1,1,0,buy_it_now,new,5,True,MLA-SMART_SPEAKERS,13
MLA866611900,MLA,Google Home Nest Pantalla,174932073,MLA409415,28500.0,1,1,0,buy_it_now,used,1,True,MLA-SMART_SPEAKERS,13
MLA861709632,MLA,Google Home Mini Smart Speaker,83655067,MLA409415,12980.0,1,1,0,buy_it_now,new,1,True,MLA-SMART_SPEAKERS,14
MLA869502774,MLA, Apple Tv 4k A1842 De Voz 4k 32gb Negro Con Memoria Ram De 3gb,169311474,MLA352001,48999.0,8,1,5,buy_it_now,new,2,True,MLA-STREAMING_MEDIA_DEVICES,19
MLA869775271,MLA, Apple Tv 4k A1842 De Voz 4k 64gb Negro Con Memoria Ram De 3gb,261750012,MLA352001,74545.0,3,1,2,buy_it_now,new,2,True,MLA-STREAMING_MEDIA_DEVICES,19
MLA856437188,MLA,Apple Tv 4k 32gb Mqd22ll/a New 4k _1,470817630,MLA352001,49896.0,8,1,5,buy_it_now,new,3,True,MLA-STREAMING_MEDIA_DEVICES,20
MLA869585237,MLA,Apple Tv 64gb Mlnc2e/a _1,470817630,MLA352001,44352.0,3,1,2,buy_it_now,new,1,True,MLA-STREAMING_MEDIA_DEVICES,13
MLA645037554,MLA,Nuevo Soporte Para Apple Tv 4 Generación + Envío Gratis,69567417,MLA352001,3082.28,40,1,4,buy_it_now,new,6,True,MLA-STREAMING_MEDIA_DEVICES,20
MLA854996346,MLA,Soporte Para Apple Tv Decodificadores Estante Tagwood,345566645,MLA352001,1859.0,41,1,25,buy_it_now,new,7,True,MLA-STREAMING_MEDIA_DEVICES,11
MLA870166650,MLA,Soporte De Pared Apple Tv 4k & Control Remoto,46845970,MLA352001,499.99,18,3,5,buy_it_now,new,6,True,MLA-STREAMING_MEDIA_DEVICES,21
MLA854997232,MLA,Soporte Para Apple Tv Decodificadores Estante Tagwood,345566645,MLA352001,2090.0,510,500,5,buy_it_now,new,7,True,MLA-STREAMING_MEDIA_DEVICES,10
MLA868668286,MLA,Soporte Para Apple Tv Decodificadores Estante Tagwood,583320230,MLA352001,1750.0,1,1,0,buy_it_now,new,3,True,MLA-STREAMING_MEDIA_DEVICES,6
MLA861226515,MLA,Soporte Escritorio Para Todos Los Controles Remoto Apple Tv,64130989,MLA352001,300.0,1,1,0,buy_it_now,new,4,True,MLA-STREAMING_MEDIA_DEVICES,22
MLA755109392,MLA,Nueva Apple Tv 4k 64gb Mp7p2ll/a A Pedido! ,90952429,MLA352001,63390.64,2,1,0,buy_it_now,new,5,True,MLA-STREAMING_MEDIA_DEVICES,15
MLA869763325,MLA,Apple Tv 4k Hdr 32gb,169311474,MLA352001,61249.0,4,1,2,buy_it_now,new,4,True,MLA-STREAMING_MEDIA_DEVICES,20
MLA824712843,MLA,Apple Tv 4k Hdr 32gb,169311474,MLA352001,48999.0,6,1,1,buy_it_now,new,4,True,MLA-STREAMING_MEDIA_DEVICES,17
MLA874446645,MLA,Apple Tv Hd 32gb,169311474,MLA352001,39999.0,6,1,0,buy_it_now,new,6,True,MLA-STREAMING_MEDIA_DEVICES,17
MLA874746520,MLA,"Apple Tv 3 Generacion, Oportunidad!!!!",50446767,MLA352001,12999.0,1,1,0,buy_it_now,used,2,True,MLA-STREAMING_MEDIA_DEVICES,20
MLA868853687,MLA,Apple Tv 1ra Generación 160gb (excelente Estado),15773356,MLA352001,5500.0,1,1,0,buy_it_now,used,5,True,MLA-STREAMING_MEDIA_DEVICES,19
MLA874018532,MLA,Apple Tv 3era Generacion,36652236,MLA352001,9500.0,1,1,0,buy_it_now,used,3,True,MLA-STREAMING_MEDIA_DEVICES,19
MLA859666183,MLA,Apple Tv 1gen,54864682,MLA352001,15000.0,1,1,0,buy_it_now,used,1,True,MLA-STREAMING_MEDIA_DEVICES,14
MLA868929287,MLA,Apple Tv Hd 32gb Fullhd 1080p Control Touch Airplay Voz Siri,97596322,MLA352001,39999.0,1,1,0,buy_it_now,used,4,True,MLA-STREAMING_MEDIA_DEVICES,19
MLA874186575,MLA,Apple Tv 3a Generación,19003764,MLA352001,6900.0,1,1,0,buy_it_now,used,3,True,MLA-STREAMING_MEDIA_DEVICES,18
MLA869472265,MLA,Apple Tv 4k 32gb Impecable Con Caja ,393123992,MLA352001,39900.0,1,1,0,buy_it_now,used,1,True,MLA-STREAMING_MEDIA_DEVICES,19
MLA872376085,MLA,Apple Tv,235297106,MLA352001,17900.0,1,1,0,buy_it_now,used,2,True,MLA-STREAMING_MEDIA_DEVICES,19
MLA873555428,MLA,Apple Tv 32 Gb,24571672,MLA352001,20000.0,1,1,0,buy_it_now,used,3,True,MLA-STREAMING_MEDIA_DEVICES,19
MLA873096163,MLA,Apple Tv 4ta Generacion 64gb,311234433,MLA352001,9500.0,1,1,0,buy_it_now,used,6,True,MLA-STREAMING_MEDIA_DEVICES,22
MLA871690593,MLA,Apple Tv,23497274,MLA352001,8300.0,1,1,0,buy_it_now,used,4,True,MLA-STREAMING_MEDIA_DEVICES,19
MLA875568009,MLA,Apple Tv 4k,49290527,MLA352001,38000.0,1,1,0,buy_it_now,used,6,True,MLA-STREAMING_MEDIA_DEVICES,19
MLA873845943,MLA,Apple Tv 3 Generación,44299135,MLA352001,8000.0,2,1,0,buy_it_now,used,5,True,MLA-STREAMING_MEDIA_DEVICES,19
MLA867588480,MLA,Apple Tv 4 Generación,50490395,MLA352001,25000.0,1,1,0,buy_it_now,used,2,True,MLA-STREAMING_MEDIA_DEVICES,20
MLA874940975,MLA,Apple Tv 4k Impecable-,82526374,MLA352001,42500.0,1,1,0,buy_it_now,used,4,True,MLA-STREAMING_MEDIA_DEVICES,17
MLA872778356,MLA,Apple Tv 4 - 64gb / Soporte / Envio Y Cuota Sin Interes,125087474,MLA352001,28900.0,1,1,0,buy_it_now,used,6,True,MLA-STREAMING_MEDIA_DEVICES,21
MLA873201783,MLA,Apple Tv (a1625 32g),119104719,MLA352001,22500.0,1,1,0,buy_it_now,used,6,True,MLA-STREAMING_MEDIA_DEVICES,19
MLA867122051,MLA,Apple Tv 4ta Generación ,449174263,MLA352001,38000.0,1,1,0,buy_it_now,used,3,True,MLA-STREAMING_MEDIA_DEVICES,21
MLA874622479,MLA,Apple Tv 4th Gen 64gb - Mlnc2ll/a,584180742,MLA352001,44159.74,1,1,0,buy_it_now,new,2,True,MLA-STREAMING_MEDIA_DEVICES,20
MLA872642193,MLA,Apple Tv 4ta Generación,40457806,MLA352001,35000.0,1,1,0,buy_it_now,used,7,True,MLA-STREAMING_MEDIA_DEVICES,21
MLA870913633,MLA,Apple Tv A1469,1207649,MLA352001,10000.0,1,1,0,buy_it_now,used,4,True,MLA-STREAMING_MEDIA_DEVICES,19
MLA864891121,MLA,Apple Tv 4ta Generación 32gb,69608730,MLA352001,40000.0,1,1,0,buy_it_now,used,4,True,MLA-STREAMING_MEDIA_DEVICES,19
MLA871992459,MLA,Apple Tv 4 Hd ,145720057,MLA352001,53000.0,1,1,0,buy_it_now,new,3,True,MLA-STREAMING_MEDIA_DEVICES,19
MLA874978765,MLA,"Apple Tv 3ra Generación, Usado, Detalles. Funciona C/caja",98848968,MLA352001,7000.0,1,1,0,buy_it_now,used,4,True,MLA-STREAMING_MEDIA_DEVICES,20
MLA872725047,MLA,Apple Tv 3era Generación Detalles En Control Remoto ,46961728,MLA352001,6000.0,1,1,0,buy_it_now,used,1,True,MLA-STREAMING_MEDIA_DEVICES,19
MLA871556950,MLA,Apple Tv 1ra Generacion 160gb,21632387,MLA352001,3500.0,1,1,0,buy_it_now,used,4,True,MLA-STREAMING_MEDIA_DEVICES,14
MLA874864732,MLA,"Apple Tv 4ta Generación 64gb Impecable, Completo + Soporte",74083049,MLA352001,21999.0,1,1,0,buy_it_now,used,4,True,MLA-STREAMING_MEDIA_DEVICES,19
MLA871447593,MLA,Apple Tv A1427 Completo Funcionando Perfecto ,73284274,MLA352001,6999.0,1,1,0,buy_it_now,used,3,True,MLA-STREAMING_MEDIA_DEVICES,20
MLA872886324,MLA,Apple Tv 4,20508439,MLA352001,8000.0,1,1,0,buy_it_now,used,3,True,MLA-STREAMING_MEDIA_DEVICES,21
MLA861696117,MLA,Apple Tv 32gb 4k Hdmi Nuevo Garantia 220v ,31573360,MLA352001,48900.0,1,1,0,buy_it_now,new,2,True,MLA-STREAMING_MEDIA_DEVICES,19
MLA872761171,MLA,Apple Tv 3era Generación Usado 1469,263595931,MLA352001,9500.0,1,1,0,buy_it_now,used,5,True,MLA-STREAMING_MEDIA_DEVICES,19
MLA851182246,MLA,Nueva Apple Tv 4k 32gb Hdmi Nuevo Garantia 220v,229667453,MLA352001,52700.0,2,1,1,buy_it_now,new,2,True,MLA-STREAMING_MEDIA_DEVICES,18
MLA870705483,MLA,Apple Tv 4 Generacion 32 Gb,75399790,MLA352001,20000.0,1,1,0,buy_it_now,used,2,True,MLA-STREAMING_MEDIA_DEVICES,20
MLA872342950,MLA,Apple Tv 4 Hd,30925947,MLA352001,28500.0,1,1,0,buy_it_now,used,2,True,MLA-STREAMING_MEDIA_DEVICES,19
MLA866562074,MLA,Apple Tv,59363496,MLA352001,9300.0,1,1,0,buy_it_now,used,4,True,MLA-STREAMING_MEDIA_DEVICES,19
MLA868844281,MLA,Apple Tv 1ra Generación 160gb (excelente Estado),15773356,MLA352001,5500.0,1,1,0,buy_it_now,used,5,True,MLA-STREAMING_MEDIA_DEVICES,19
MLA873832587,MLA,Apple Tv,502792324,MLA352001,17000.0,1,1,0,buy_it_now,used,6,True,MLA-STREAMING_MEDIA_DEVICES,16
MLA871717390,MLA,Apple Tv 3ra Generacion,105888654,MLA352001,7300.0,1,1,0,buy_it_now,used,4,True,MLA-STREAMING_MEDIA_DEVICES,21
MLA756521943,MLA,Soporte Para Mac Mini Tv Monitor Apple Accesorio 3d Capital,108143366,MLA352001,899.0,19,1,5,buy_it_now,new,2,True,MLA-STREAMING_MEDIA_DEVICES,9
MLA874346604,MLA,Apple Tv 4k 4 Generación 64gbCaja Cerrada ,286615053,MLA352001,53000.0,1,1,0,buy_it_now,used,2,True,MLA-STREAMING_MEDIA_DEVICES,19
MLA872028114,MLA,Apple Tv 4 Hd ,63043514,MLA352001,45000.0,1,1,0,buy_it_now,new,1,True,MLA-STREAMING_MEDIA_DEVICES,19
MLA872027201,MLA,Apple Tv 4 Hd ,63043514,MLA352001,53000.0,1,1,0,buy_it_now,new,1,True,MLA-STREAMING_MEDIA_DEVICES,19
MLA853466634,MLA,Soporte De Pared Para Apple Tv 2da Y 3ra Generacion,797771,MLA352001,250.0,5,1,1,buy_it_now,new,4,True,MLA-STREAMING_MEDIA_DEVICES,10
MLA859970566,MLA,Soporte Para Apple Tv Todas Las Generaciones Impreso En 3d,156405172,MLA352001,490.0,1,1,0,buy_it_now,new,2,True,MLA-STREAMING_MEDIA_DEVICES,12
MLA759439817,MLA,Soporte Apple Tv 2da 3era Generación Accesorios 3d Caba,108143366,MLA352001,399.0,7,1,4,buy_it_now,new,2,True,MLA-STREAMING_MEDIA_DEVICES,9
MLA756085558,MLA,Soporte De Pared Apple Tv 4ta Generación Control Remoto 3d,108143366,MLA352001,499.0,5,1,1,buy_it_now,new,3,True,MLA-STREAMING_MEDIA_DEVICES,9
MLA618488655,MLA,Mueble Tv Apple Blue,208653070,MLA352001,1550.0,1,1,0,buy_it_now,new,6,True,MLA-STREAMING_MEDIA_DEVICES,4
MLA874433432,MLA,Apple Tv Siri Remote,63272136,MLA352001,12400.0,100,50,0,buy_it_now,new,2,True,MLA-STREAMING_MEDIA_DEVICES,4
MLA870970215,MLA,Apple Tv 4k,43488818,MLA352001,44995.0,1,1,0,buy_it_now,new,4,True,MLA-STREAMING_MEDIA_DEVICES,19
MLA871863584,MLA,Apple Tv 3ra Generación,23392308,MLA352001,7700.0,1,1,0,buy_it_now,used,7,True,MLA-STREAMING_MEDIA_DEVICES,21
MLA866954711,MLA,Apple Tv 4 Hd 32gb 1080 Completo En Caja Sin Uso!,26759721,MLA352001,32500.0,1,1,0,buy_it_now,used,4,True,MLA-STREAMING_MEDIA_DEVICES,21
MLA869097485,MLA,Apple Tv 4g  / 32gb /    Mod A1625,603240821,MLA352001,19000.0,1,1,0,buy_it_now,used,3,True,MLA-STREAMING_MEDIA_DEVICES,21
MLA874994989,MLA,Apple Tv (2da Generación - 2010),145811109,MLA352001,5400.0,1,1,0,buy_it_now,used,1,True,MLA-STREAMING_MEDIA_DEVICES,18
MLA873344266,MLA,Apple Tv 4ta Generacion,46112479,MLA352001,20000.0,1,1,0,buy_it_now,used,1,True,MLA-STREAMING_MEDIA_DEVICES,19
MLA874771337,MLA,Apple Tv 1ra Generación 160gb Con Os X 10.4,10542839,MLA352001,3500.0,1,1,0,buy_it_now,used,4,True,MLA-STREAMING_MEDIA_DEVICES,17
MLA875306250,MLA,Apple Tv 3ra Gen - Streaming Media Player ,190234217,MLA352001,5000.0,1,1,0,buy_it_now,used,6,True,MLA-STREAMING_MEDIA_DEVICES,20
MLA868152486,MLA,Apple Tv,12778741,MLA352001,6500.0,1,1,0,buy_it_now,used,1,True,MLA-STREAMING_MEDIA_DEVICES,18
MLA874004197,MLA,Apple Tv 3era Generacion Oferta,36652236,MLA352001,9500.0,1,1,0,buy_it_now,used,3,True,MLA-STREAMING_MEDIA_DEVICES,20
MLA871802001,MLA,Apple Tv 3,97230788,MLA352001,7400.0,1,1,0,buy_it_now,used,4,True,MLA-STREAMING_MEDIA_DEVICES,17
MLA866637743,MLA,Apple Tv 3er Generación. Excelente Estado,92034659,MLA352001,9900.0,1,1,0,buy_it_now,used,4,True,MLA-STREAMING_MEDIA_DEVICES,20
MLA874093812,MLA,Apple Tv (a1625) 4ta Generación Impecable,24718100,MLA352001,25000.0,1,1,0,buy_it_now,used,3,True,MLA-STREAMING_MEDIA_DEVICES,21
MLA868014872,MLA,Apple Tv ,18657007,MLA352001,7500.0,1,1,0,buy_it_now,new,5,True,MLA-STREAMING_MEDIA_DEVICES,21
MLA875213597,MLA,Apple Tv Hd 32gb Fullhd 1080p Control Touch Airplay Voz Siri,97596322,MLA352001,29999.0,1,1,0,buy_it_now,used,4,True,MLA-STREAMING_MEDIA_DEVICES,19
MLA872246924,MLA,Apple Tv 3ra Generacion Modelo A 1469,36588173,MLA352001,7500.0,1,1,0,buy_it_now,used,1,True,MLA-STREAMING_MEDIA_DEVICES,19
MLA875523371,MLA,Apple Tv 3ra Generacion,58483790,MLA352001,6800.0,1,1,0,buy_it_now,used,4,True,MLA-STREAMING_MEDIA_DEVICES,19
MLA872194172,MLA,Apple Tv,84879693,MLA352001,6000.0,1,1,0,buy_it_now,used,2,True,MLA-STREAMING_MEDIA_DEVICES,19
MLA873078638,MLA,Apple Tv  Poco Uso,464624768,MLA352001,35000.0,1,1,0,buy_it_now,used,1,True,MLA-STREAMING_MEDIA_DEVICES,7
MLA874884674,MLA,Apple Tv 2 Da Generacion  Funciona Ok!!! ,77148390,MLA352001,6000.0,1,1,0,buy_it_now,used,6,True,MLA-STREAMING_MEDIA_DEVICES,19
MLA873600379,MLA,Apple Tv 4 32 Gb,234220066,MLA352001,20000.0,1,1,0,buy_it_now,used,1,True,MLA-STREAMING_MEDIA_DEVICES,19
MLA871075195,MLA,Appel Tv 3 Generación,20730522,MLA352001,8700.0,1,1,0,buy_it_now,used,1,True,MLA-STREAMING_MEDIA_DEVICES,19
MLA873226941,MLA,Apple Tv 2ra Generación,265584798,MLA352001,6000.0,1,1,0,buy_it_now,used,2,True,MLA-STREAMING_MEDIA_DEVICES,16
MLA872858306,MLA,Apple Tv  4ta GeneraciónModelo Alfanumérico A1625  ,33411512,MLA352001,18000.0,1,1,0,buy_it_now,used,9,True,MLA-STREAMING_MEDIA_DEVICES,20
MLA875310589,MLA,Apple Tv 3ra Generación,297505904,MLA352001,6000.0,1,1,0,buy_it_now,used,3,True,MLA-STREAMING_MEDIA_DEVICES,19
MLA871891897,MLA,Apple Tv 3ra Generación,502740211,MLA352001,7500.0,1,1,0,buy_it_now,used,2,True,MLA-STREAMING_MEDIA_DEVICES,17
MLA874671182,MLA,Apple Tv 3ra Generación,53770472,MLA352001,5000.0,1,1,0,buy_it_now,used,2,True,MLA-STREAMING_MEDIA_DEVICES,19
MLA869874817,MLA,Apple Tv Semi Nuevo,166009888,MLA352001,7999.0,1,1,0,buy_it_now,used,4,True,MLA-STREAMING_MEDIA_DEVICES,21
MLA872100006,MLA,Apple Tv,39989415,MLA352001,8500.0,1,1,0,buy_it_now,used,8,True,MLA-STREAMING_MEDIA_DEVICES,19
MLA870596360,MLA,Apple Tv 64 Gb A1625,90655636,MLA352001,35000.0,1,1,0,buy_it_now,used,8,True,MLA-STREAMING_MEDIA_DEVICES,20
MLA873643584,MLA,Apple Tv,81739367,MLA352001,18000.0,1,1,0,buy_it_now,used,4,True,MLA-STREAMING_MEDIA_DEVICES,21
MLA874981699,MLA,Apple Tv,447391305,MLA352001,25000.0,1,1,0,buy_it_now,used,1,True,MLA-STREAMING_MEDIA_DEVICES,21
MLA873672786,MLA,Apple Tv 2da Generación Excelente Estado,8030386,MLA352001,6500.0,1,1,0,buy_it_now,used,3,True,MLA-STREAMING_MEDIA_DEVICES,20
MLA869012950,MLA,Apple Tv 2da Gen Con Control Y Cables,121883505,MLA352001,7000.0,1,1,0,buy_it_now,used,2,True,MLA-STREAMING_MEDIA_DEVICES,18
MLA875455145,MLA,Apple Tv 4ta Generacion,78400850,MLA352001,25000.0,1,1,0,buy_it_now,used,6,True,MLA-STREAMING_MEDIA_DEVICES,20
MLA875820954,MLA,Apple Tv 4k Nuevo Sellado,78400850,MLA352001,45000.0,1,1,0,buy_it_now,new,2,True,MLA-STREAMING_MEDIA_DEVICES,19
MLA873551879,MLA,Apple Tv 3ra GeneraciónModel:a1469,270373018,MLA352001,8500.0,1,1,0,buy_it_now,used,7,True,MLA-STREAMING_MEDIA_DEVICES,19
MLA874497443,MLA,Apple Tv 3,585908915,MLA352001,6000.0,1,1,0,buy_it_now,used,1,True,MLA-STREAMING_MEDIA_DEVICES,19
MLA869431524,MLA,Apple Tv,570668724,MLA352001,7000.0,1,1,0,buy_it_now,used,4,True,MLA-STREAMING_MEDIA_DEVICES,19
MLA870042713,MLA,Apple Tv 2da Gen. Excelente Estado En Caja Original  ,23389624,MLA352001,8000.0,1,1,0,buy_it_now,used,6,True,MLA-STREAMING_MEDIA_DEVICES,20
MLA872709034,MLA,Apple Tv 4ta Generacion. 32gb. Oportunidad,113042,MLA352001,18000.0,1,1,0,buy_it_now,used,4,True,MLA-STREAMING_MEDIA_DEVICES,19
MLA870931269,MLA,Apple Tv 3 Generación Rev. Impecable,154306161,MLA352001,10000.0,1,1,0,buy_it_now,used,4,True,MLA-STREAMING_MEDIA_DEVICES,19
MLA874057485,MLA,Apple Tv 2,220633515,MLA352001,5600.0,1,1,0,buy_it_now,used,1,True,MLA-STREAMING_MEDIA_DEVICES,19
MLA871394379,MLA,Apple Tv,96281474,MLA352001,20000.0,1,1,0,buy_it_now,used,2,True,MLA-STREAMING_MEDIA_DEVICES,19
MLA874665220,MLA,Apple Tv 4k,19256599,MLA352001,38000.0,1,1,0,buy_it_now,used,4,True,MLA-STREAMING_MEDIA_DEVICES,17
MLA873021401,MLA,Apple Tv 2ª Generación Mod A1378 Con Jailbreak Y Accesorios,58499361,MLA352001,8000.0,1,1,0,buy_it_now,used,8,True,MLA-STREAMING_MEDIA_DEVICES,18
MLA873693577,MLA,Apple Tv 3 Generación,137375008,MLA352001,8200.0,1,1,0,buy_it_now,used,5,True,MLA-STREAMING_MEDIA_DEVICES,20
MLA870251940,MLA,Apple Tv Modelo A1469 Funciona Zona Sur Capital ,292758285,MLA352001,7500.0,1,1,0,buy_it_now,used,7,True,MLA-STREAMING_MEDIA_DEVICES,19
MLA872867628,MLA,Apple Tv Full Hd A1625,221185619,MLA352001,25000.0,1,1,0,buy_it_now,used,4,True,MLA-STREAMING_MEDIA_DEVICES,19
MLA869720616,MLA,Apple Tv A 1625 64gb Color Negro Sin Uso,233039216,MLA352001,45000.0,1,1,0,buy_it_now,used,6,True,MLA-STREAMING_MEDIA_DEVICES,21
MLA868996121,MLA,Apple Tv 4k 32gb Nuevo En Caja,38335103,MLA352001,45000.0,1,1,0,buy_it_now,new,2,True,MLA-STREAMING_MEDIA_DEVICES,19
MLA871242127,MLA,Apple Tv,1839086,MLA352001,9000.0,1,1,0,buy_it_now,used,3,True,MLA-STREAMING_MEDIA_DEVICES,19
MLA875215863,MLA,Apple Tv 3ra Generación Impecable,165960006,MLA352001,10000.0,1,1,0,buy_it_now,used,6,True,MLA-STREAMING_MEDIA_DEVICES,20
MLA873156816,MLA,Apple Tv - 3ra Generación (a1469),297505904,MLA352001,6999.0,1,1,0,buy_it_now,used,3,True,MLA-STREAMING_MEDIA_DEVICES,19
MLA873690216,MLA,Apple Tv 3ra Generación Revolución (a1469),113379466,MLA352001,8500.0,1,1,0,buy_it_now,used,3,True,MLA-STREAMING_MEDIA_DEVICES,19
MLA873341609,MLA,Apple Tv 4k Hdr 64gb,46112479,MLA352001,50000.0,1,1,0,buy_it_now,new,1,True,MLA-STREAMING_MEDIA_DEVICES,18
MLA872717980,MLA,Apple Tv Tercera Generación,98404932,MLA352001,7500.0,1,1,0,buy_it_now,used,11,True,MLA-STREAMING_MEDIA_DEVICES,17
MLA873126424,MLA,Apple Tv 3ra Generación,64717202,MLA352001,8800.0,1,1,0,buy_it_now,used,1,True,MLA-STREAMING_MEDIA_DEVICES,19
MLA875456003,MLA,Apple Tv,23497274,MLA352001,7000.0,1,1,0,buy_it_now,used,4,True,MLA-STREAMING_MEDIA_DEVICES,19
MLA874723511,MLA,Apple Tv 4k 32 Gn 3 Gb Memoria Ram,35526971,MLA352001,40000.0,1,1,0,buy_it_now,used,6,True,MLA-STREAMING_MEDIA_DEVICES,17
MLA875470138,MLA,Apple Tv A1842 32gb,63766829,MLA352001,49000.0,1,1,0,buy_it_now,used,1,True,MLA-STREAMING_MEDIA_DEVICES,17
MLA871018508,MLA,Apple Tv 4gn Excelente Estado. Entrega Inmediata,201731635,MLA352001,36000.0,1,1,0,buy_it_now,used,5,True,MLA-STREAMING_MEDIA_DEVICES,18
MLA871293193,MLA,Apple Tv Hd 32gb Fullhd,241858112,MLA352001,30000.0,1,1,0,buy_it_now,used,4,True,MLA-STREAMING_MEDIA_DEVICES,18
MLA870804080,MLA,Apple Tv Model A1427,299866829,MLA352001,9500.0,1,1,0,buy_it_now,used,4,True,MLA-STREAMING_MEDIA_DEVICES,20
MLA871001049,MLA,Apple Tv Hd 4ta Generación,138151818,MLA352001,20000.0,1,1,0,buy_it_now,used,3,True,MLA-STREAMING_MEDIA_DEVICES,19
MLA866919748,MLA,Apple Tv. Nuevo. 3ra Generación.,26842839,MLA352001,14900.0,1,1,0,buy_it_now,new,2,True,MLA-STREAMING_MEDIA_DEVICES,14
MLA867168248,MLA,Apple Tv 3° Generación,61538345,MLA352001,9000.0,1,1,0,buy_it_now,used,1,True,MLA-STREAMING_MEDIA_DEVICES,19
MLA870266188,MLA,Apple Tv 3ra Generación ,140440738,MLA352001,8500.0,1,1,0,buy_it_now,used,3,True,MLA-STREAMING_MEDIA_DEVICES,21
MLA874524944,MLA,Appel Tv Box 3 Generación,38110240,MLA352001,8000.0,1,1,0,buy_it_now,used,4,True,MLA-STREAMING_MEDIA_DEVICES,20
MLA874508873,MLA,Apple Tv 3,346135062,MLA352001,7000.0,1,1,0,buy_it_now,used,3,True,MLA-STREAMING_MEDIA_DEVICES,19
MLA875148474,MLA,Apple Tv 3era Generación,286972735,MLA352001,5800.0,1,1,0,buy_it_now,used,5,True,MLA-STREAMING_MEDIA_DEVICES,21
MLA874123724,MLA,Apple Tv 4 Fullhd,94405996,MLA352001,22000.0,1,1,0,buy_it_now,used,6,True,MLA-STREAMING_MEDIA_DEVICES,19
MLA874513846,MLA,Apple Tv 4ta Generación,21021363,MLA352001,20000.0,1,1,0,buy_it_now,used,2,True,MLA-STREAMING_MEDIA_DEVICES,19
MLA870653304,MLA,Apple Tv Hd4generación 32gb+ Soporte Pared. Excelente Estado,14415117,MLA352001,25000.0,1,1,0,buy_it_now,used,10,True,MLA-STREAMING_MEDIA_DEVICES,20
MLA874836264,MLA,Apple Tv,113379466,MLA352001,8500.0,1,1,0,buy_it_now,used,3,True,MLA-STREAMING_MEDIA_DEVICES,19
MLA875294078,MLA,Apple Tv,166974125,MLA352001,6600.0,1,1,0,buy_it_now,used,1,True,MLA-STREAMING_MEDIA_DEVICES,17
MLA875347695,MLA,Apple Tv4 32gb 1080p,106549859,MLA352001,32000.0,1,1,0,buy_it_now,used,2,True,MLA-STREAMING_MEDIA_DEVICES,19
MLA875700213,MLA,Apple Tv,574618429,MLA352001,5000.0,1,1,0,buy_it_now,new,5,True,MLA-STREAMING_MEDIA_DEVICES,13
MLA871371966,MLA,Apple Tv 3 A1469,5050720,MLA352001,8000.0,1,1,0,buy_it_now,used,1,True,MLA-STREAMING_MEDIA_DEVICES,19
MLA868131317,MLA,"Apple Tv 4ta Gen Full Hd, Como Nuevo",153654181,MLA352001,32000.0,1,1,0,buy_it_now,used,5,True,MLA-STREAMING_MEDIA_DEVICES,20
MLA867667786,MLA,Apple Tv 3* Generación - Impecable,37793763,MLA352001,9400.0,1,1,0,buy_it_now,used,4,True,MLA-STREAMING_MEDIA_DEVICES,19
MLA872141442,MLA,Apple Tv 4 Completo En Caja,18736160,MLA352001,35000.0,1,1,0,buy_it_now,used,3,True,MLA-STREAMING_MEDIA_DEVICES,19
MLA872015085,MLA,Nuevo Apple Tv 4k 64gb Mp7p2ll/a En Stock,336383222,MLA352001,49000.0,1,1,0,buy_it_now,new,1,True,MLA-STREAMING_MEDIA_DEVICES,17
MLA875786611,MLA,Apple Tv Hd Model A1625 De 32g Con Control Remoto Impecable,99497397,MLA352001,22000.0,1,1,0,buy_it_now,used,2,True,MLA-STREAMING_MEDIA_DEVICES,21
MLA870981787,MLA,Apple Tv 4ta Modelo A1625,513869357,MLA352001,23000.0,1,1,0,buy_it_now,used,5,True,MLA-STREAMING_MEDIA_DEVICES,19
MLA873741017,MLA,Apple Tv A1469,1572002,MLA352001,7100.0,1,1,0,buy_it_now,used,4,True,MLA-STREAMING_MEDIA_DEVICES,22
MLA820233468,MLA,Apple Tv Para Repuestos,168034260,MLA352001,800.0,1,1,1,buy_it_now,used,2,True,MLA-STREAMING_MEDIA_DEVICES,11
MLA872669013,MLA,Apple Tv  A1469 3 Generacion  Impecable,97835142,MLA352001,7500.0,1,1,0,buy_it_now,used,4,True,MLA-STREAMING_MEDIA_DEVICES,19
MLA869644355,MLA,Apple tv (3.ª Generación) Modelo: A1469 Muy Poco Uso-m.d.p,86127899,MLA352001,9500.0,1,1,0,buy_it_now,used,5,True,MLA-STREAMING_MEDIA_DEVICES,19
MLA874639215,MLA,Apple Tv,78546152,MLA352001,9000.0,1,1,0,buy_it_now,used,2,True,MLA-STREAMING_MEDIA_DEVICES,22
MLA872009087,MLA,Apple Tv 32gb Full Hd A1625 ,49764575,MLA352001,22999.0,1,1,0,buy_it_now,used,4,True,MLA-STREAMING_MEDIA_DEVICES,19
MLA870273644,MLA,Appletv Tercera Generación Modelo A1469,29461095,MLA352001,9000.0,1,1,0,buy_it_now,used,8,True,MLA-STREAMING_MEDIA_DEVICES,21
MLA874531156,MLA,Apple Tv,33899295,MLA352001,12500.0,1,1,0,buy_it_now,used,5,True,MLA-STREAMING_MEDIA_DEVICES,20
MLA872139427,MLA,Apple Tv 4ta Generación,153654181,MLA352001,23000.0,1,1,0,buy_it_now,used,3,True,MLA-STREAMING_MEDIA_DEVICES,20
MLA873253882,MLA,Apple Tv 4k Hdr 32 Gb,178925054,MLA352001,40000.0,1,1,0,buy_it_now,used,1,True,MLA-STREAMING_MEDIA_DEVICES,17
MLA871599473,MLA,Apple Tv 3 Generación Rev. Impecable,5411244,MLA352001,12500.0,1,1,0,buy_it_now,used,4,True,MLA-STREAMING_MEDIA_DEVICES,19
MLA870190282,MLA,Apple Tv Segunda Generacion. Igual A Nuevo,49978577,MLA352001,6000.0,1,1,0,buy_it_now,used,8,True,MLA-STREAMING_MEDIA_DEVICES,18
MLA873070418,MLA,Apple Tv 4 Generación 4k 32gb,73622794,MLA352001,40000.0,1,1,0,buy_it_now,used,4,True,MLA-STREAMING_MEDIA_DEVICES,19
MLA871173729,MLA,Apple Tv A1378 (2da Generación - 2010) - Funciona Perfecto,8321177,MLA352001,7000.0,1,1,0,buy_it_now,used,4,True,MLA-STREAMING_MEDIA_DEVICES,20
MLA868784617,MLA,Apple Tv 4,49032715,MLA352001,25000.0,1,1,0,buy_it_now,used,2,True,MLA-STREAMING_MEDIA_DEVICES,19
MLA870388746,MLA,Apple Tv 4g 32gb Hd,136089406,MLA352001,23000.0,1,1,0,buy_it_now,used,3,True,MLA-STREAMING_MEDIA_DEVICES,20
MLA867353118,MLA,Apple Tv Hd - 4° Generacion - 32 Gb - Excelente Estado ,24081916,MLA352001,22700.0,1,1,0,buy_it_now,used,4,True,MLA-STREAMING_MEDIA_DEVICES,19
MLA871400100,MLA,Apple Tv 32gb 4ta Generacion Igual A Nuevo,56467598,MLA352001,26000.0,1,1,0,buy_it_now,used,6,True,MLA-STREAMING_MEDIA_DEVICES,21
MLA874470965,MLA,Apple Tv 4ta Generación Version 4k 64gb,357911538,MLA352001,42998.99,1,1,0,buy_it_now,used,2,True,MLA-STREAMING_MEDIA_DEVICES,21
MLA866339596,MLA,Apple Tv 4th ,544964289,MLA352001,20000.0,1,1,0,buy_it_now,used,2,True,MLA-STREAMING_MEDIA_DEVICES,19
MLA871290343,MLA,Apple Tv,151271672,MLA352001,8500.0,1,1,0,buy_it_now,used,3,True,MLA-STREAMING_MEDIA_DEVICES,19
MLA860732905,MLA,Apple Tv,85910380,MLA352001,9800.0,1,1,0,buy_it_now,used,7,True,MLA-STREAMING_MEDIA_DEVICES,18
MLA873646015,MLA,Apple Tv 3ra Generacion,97512401,MLA352001,11000.0,1,1,0,buy_it_now,used,1,True,MLA-STREAMING_MEDIA_DEVICES,17
MLA875046890,MLA,Apple Tv 4 Gen 32gb,61161978,MLA352001,22000.0,1,1,0,buy_it_now,used,2,True,MLA-STREAMING_MEDIA_DEVICES,19
MLA875527119,MLA,"Apple Remote (mac Book, Mac Tv) Apple Con Infrarojo.",103254050,MLA352001,2500.0,1,1,0,buy_it_now,used,3,True,MLA-STREAMING_MEDIA_DEVICES,9
MLA874782441,MLA,Apple Tv 4th Gen 64gb - Mlnc2ll/a,410981574,MLA352001,43842.05,1,1,0,buy_it_now,new,2,True,MLA-STREAMING_MEDIA_DEVICES,20
MLA874695172,MLA,Apple Tv 4k 32gb Ultimo Modelo Mqd22cl/ 2020 Usa Importado,416834915,MLA352001,42999.0,1,1,0,buy_it_now,used,3,True,MLA-STREAMING_MEDIA_DEVICES,17
MLA873956632,MLA,Apple Tv 4k Hdr  Mqd22cl/a 32gb,55778683,MLA352001,42000.0,1,1,0,buy_it_now,used,2,True,MLA-STREAMING_MEDIA_DEVICES,18
MLA867717608,MLA,Apple Tv 4k Hdr 32gb Mqd22ae/a Model A1842,136195691,MLA352001,49999.0,1,1,0,buy_it_now,used,1,True,MLA-STREAMING_MEDIA_DEVICES,20
MLA869158187,MLA,Apple Tv 3ra Gen Rev A. Con Cable Hdmi,7648561,MLA352001,7300.0,1,1,0,buy_it_now,used,4,True,MLA-STREAMING_MEDIA_DEVICES,20
MLA874861363,MLA,Apple Tv,146306839,MLA352001,7500.0,1,1,0,buy_it_now,used,3,True,MLA-STREAMING_MEDIA_DEVICES,18
MLA874695309,MLA,Apple Tv 4k 32gb Ultimo Modelo Mqd22cl/ 2020 Usa Importado,416834915,MLA352001,46999.0,1,1,0,buy_it_now,used,3,True,MLA-STREAMING_MEDIA_DEVICES,18
MLA799826358,MLA,Apple Tv,114553254,MLA352001,30000.0,1,1,0,buy_it_now,used,1,True,MLA-STREAMING_MEDIA_DEVICES,2
MLA874247325,MLA,Apple Tv Modelo A1469,79005533,MLA352001,7800.0,1,1,0,buy_it_now,used,4,True,MLA-STREAMING_MEDIA_DEVICES,21
MLA874696207,MLA,Apple Tv 4k 32gb Ultimo Modelo Mqd22cl/ 2020 Usa Importado,416834915,MLA352001,45999.0,1,1,0,buy_it_now,used,3,True,MLA-STREAMING_MEDIA_DEVICES,19
MLA874695455,MLA,Apple Tv 4k 32gb Ultimo Modelo Mqd22cl/ 2020 Usa Importado,416834915,MLA352001,54999.0,1,1,0,buy_it_now,used,3,True,MLA-STREAMING_MEDIA_DEVICES,18
MLA874695509,MLA,Apple Tv 4k 32gb Ultimo Modelo Mqd22cl/ 2020 Usa Importado,416834915,MLA352001,55999.0,1,1,0,buy_it_now,used,3,True,MLA-STREAMING_MEDIA_DEVICES,19
MLA686007793,MLA,Soporte Para Apple Tv 4 Y 5 (4k) Generación,54803436,MLA352001,350.0,25,1,5,buy_it_now,new,2,True,MLA-STREAMING_MEDIA_DEVICES,13
MLA873079141,MLA,Soporte Para Apple Tv 4° Generación,54803436,MLA352001,350.0,10,1,0,buy_it_now,used,2,True,MLA-STREAMING_MEDIA_DEVICES,11
MLA686008809,MLA,Soporte Para Apple Tv 4° Y 5° Generación,54803436,MLA352001,350.0,12,1,4,buy_it_now,new,2,True,MLA-STREAMING_MEDIA_DEVICES,10
MLA852852074,MLA,Soporte Para Apple Tv 3° Generación,54803436,MLA352001,350.0,1,1,0,buy_it_now,new,2,True,MLA-STREAMING_MEDIA_DEVICES,11
MLA603636719,MLA,Control Inalámbrico Steelseries Nimbus **por Pedido**,49278885,MLA352001,17999.0,5,1,1,buy_it_now,new,3,True,MLA-STREAMING_MEDIA_DEVICES,14
MLA609133488,MLA,"Apple Tv 32 Gb, 4k  5 Generac *por Pedido*caja Cerrada ",49278885,MLA352001,39000.0,3,1,1,buy_it_now,new,3,True,MLA-STREAMING_MEDIA_DEVICES,19
MLA871979082,MLA,Apple Tv Segunda Generación ,24001253,MLA352001,8500.0,1,1,0,buy_it_now,used,1,True,MLA-STREAMING_MEDIA_DEVICES,6
MLA707237526,MLA,Soporte Para Apple Tv 4ta Y 5ta Generación,276375945,MLA352001,400.0,52,1,3,buy_it_now,new,3,True,MLA-STREAMING_MEDIA_DEVICES,12
MLA707237227,MLA,Soporte Para Apple Tv 2da Y 3era Generación,276375945,MLA352001,480.0,51,1,1,buy_it_now,new,2,True,MLA-STREAMING_MEDIA_DEVICES,12
MLA863083343,MLA, Amazon Fire Tv Stick (2nd Generation) De Voz Full Hd 8gb Negro Con Memoria Ram De 1gb,278768157,MLA352001,5020.0,57,1,25,buy_it_now,new,3,True,MLA-STREAMING_MEDIA_DEVICES,18
MLA868449820,MLA, Amazon Fire Tv Stick 4k De Voz 4k 8gb Negro Con Memoria Ram De 1.5gb,557639592,MLA352001,6850.0,33,1,25,buy_it_now,new,2,True,MLA-STREAMING_MEDIA_DEVICES,18
MLA869911275,MLA,Amazon Fire Tv Stick 2da Gen Full Hd You Tube Netflix ,52270943,MLA352001,5799.0,120,50,25,buy_it_now,new,4,True,MLA-STREAMING_MEDIA_DEVICES,16
MLA870897754,MLA, Amazon Fire Tv Stick (2nd Generation) Full Hd 8gb Alexa,279736282,MLA352001,6290.0,44,1,25,buy_it_now,new,6,True,MLA-STREAMING_MEDIA_DEVICES,19
MLA873691053,MLA,Amazon Fire Tv Stick 4k De Voz 4k 8gb Ram 1.5gb,44778367,MLA352001,6999.0,15,1,5,buy_it_now,new,2,True,MLA-STREAMING_MEDIA_DEVICES,17
MLA863077260,MLA,Amazon Fire Tv Stick Con Alexa Voice Remote 2da Gen Netflix,218165061,MLA352001,6979.0,1005,500,5,buy_it_now,new,7,True,MLA-STREAMING_MEDIA_DEVICES,22
MLA869914290,MLA,Amazon Fire Tv Stick 2da Gen Full Hd You Tube Netflix,50724069,MLA352001,5698.0,50,1,25,buy_it_now,new,3,True,MLA-STREAMING_MEDIA_DEVICES,16
MLA862580699,MLA,Amazon Fire Tv Stick Voz Fullhd 8gb Original Hdmi 4k Control,233504916,MLA352001,8799.0,1013,500,0,buy_it_now,new,7,True,MLA-STREAMING_MEDIA_DEVICES,20
MLA862578816,MLA,Amazon Fire Tv Stick Voz Fullhd 8gb Original Hdmi 4k Control,218165061,MLA352001,8779.0,12,1,5,buy_it_now,new,7,True,MLA-STREAMING_MEDIA_DEVICES,19
MLA869858408,MLA,Amazon Fire Tv Stick Basic Bluetooth 5.0 8gb Control Por Voz,279736282,MLA352001,6290.0,35,1,5,buy_it_now,new,6,True,MLA-STREAMING_MEDIA_DEVICES,22
MLA871562754,MLA,Amazon Fire Tv Stick 4k De Voz 4k 8gb Control Remoto Tu Voz,97106107,MLA352001,7889.0,116,100,5,buy_it_now,new,10,True,MLA-STREAMING_MEDIA_DEVICES,21
MLA875087652,MLA,Amazon Fire Tv Stick 4k Uhd 8gb Negro Hdmi C/ Alexa,86898163,MLA352001,6979.0,100,50,2,buy_it_now,new,3,True,MLA-STREAMING_MEDIA_DEVICES,21
MLA874504079,MLA,Amazon Fire Tv Stick 4k De Voz 4k 8gb Negro Con Memoria Ram ,255318143,MLA352001,8959.0,90,50,1,buy_it_now,new,3,True,MLA-STREAMING_MEDIA_DEVICES,21
MLA874505930,MLA,Amazon Fire Tv Stick 4k Hdr Control Por Voz Con Alexa ,82274172,MLA352001,6969.0,46,1,2,buy_it_now,new,5,True,MLA-STREAMING_MEDIA_DEVICES,21
MLA874507410,MLA,Amazon Fire Tv Stick 4k Ultra Hd 60fps Control Voz Alexa ,82274172,MLA352001,8699.0,50,1,1,buy_it_now,new,5,True,MLA-STREAMING_MEDIA_DEVICES,21
MLA871126075,MLA,Amazon Fire Tv Stick Basic Bluetooth 5.0 8gb Control Por Voz,279736282,MLA352001,7259.0,499,250,5,buy_it_now,new,6,True,MLA-STREAMING_MEDIA_DEVICES,20
MLA874503142,MLA,Amazon Fire Tv Stick 4k De Voz 4k 8gb Negro Con Memoria Ram ,255318143,MLA352001,6959.0,78,50,1,buy_it_now,new,3,True,MLA-STREAMING_MEDIA_DEVICES,21
MLA874503353,MLA,Amazon Fire Tv Stick 4k De Voz 4k 8gb Negro Con Memoria Ram,96270679,MLA352001,6949.0,78,50,1,buy_it_now,new,3,True,MLA-STREAMING_MEDIA_DEVICES,21
MLA874504315,MLA,Amazon Fire Tv Stick 4k De Voz 4k 8gb Negro Con Memoria Ram,96270679,MLA352001,8969.0,90,50,1,buy_it_now,new,3,True,MLA-STREAMING_MEDIA_DEVICES,21
MLA863077327,MLA,Amazon Fire Tv Stick Voice Remote Con Alexa 2da Gen. Netflix,218165061,MLA352001,8499.0,1000,500,1,buy_it_now,new,7,True,MLA-STREAMING_MEDIA_DEVICES,20
MLA862579454,MLA,Amazon Fire Tv Stick Voz Fullhd 8gb 4k Original Hdmi Control,233504916,MLA352001,10499.0,1003,500,1,buy_it_now,new,7,True,MLA-STREAMING_MEDIA_DEVICES,18
MLA855013732,MLA,Amazon Fire Tv Stick (2nd Generation) De Voz Full Hd 8gb Neg,199340505,MLA352001,5999.0,15,1,5,buy_it_now,new,2,True,MLA-STREAMING_MEDIA_DEVICES,17
MLA874494169,MLA,Amazon Fire Tv Stick 4k De Voz 4k 8gb Negro Con Memoria Ram ,247639927,MLA352001,10999.0,20,1,0,buy_it_now,new,2,True,MLA-STREAMING_MEDIA_DEVICES,17
MLA874274069,MLA, Amazon Fire Tv Stick 2nd Generation Fullhd 8gb Alexa Voice,172753273,MLA352001,9399.0,9,1,0,buy_it_now,new,4,True,MLA-STREAMING_MEDIA_DEVICES,17
MLA874229363,MLA,Amazon Fire Tv Stick Full Hd 8gb Control Remoto Tu Voz Cuota,97106107,MLA352001,9861.0,110,100,0,buy_it_now,new,10,True,MLA-STREAMING_MEDIA_DEVICES,17
MLA874494768,MLA,Amazon Fire Tv Stick 4k De Voz 4k 8gb Con Memoria Ram Oferta,247639927,MLA352001,7949.0,20,1,0,buy_it_now,new,2,True,MLA-STREAMING_MEDIA_DEVICES,19
MLA869906411,MLA, Amazon Fire Tv Stick 2nd Generation Fullhd 8gb Alexa Voice,172753273,MLA352001,7699.0,40,1,0,buy_it_now,new,4,True,MLA-STREAMING_MEDIA_DEVICES,18
MLA862579212,MLA,Amazon Fire Tv Stick Voz Fullhd 8gb 4k Original Hdmi Control,218165061,MLA352001,10479.0,999,500,0,buy_it_now,new,7,True,MLA-STREAMING_MEDIA_DEVICES,20
MLA868096670,MLA,Amazon Fire Tv Stick 4k Uhd 2160p 8gb Alexa Control Por Voz,193745111,MLA352001,7999.0,15,1,5,buy_it_now,new,5,True,MLA-STREAMING_MEDIA_DEVICES,19
MLA873978802,MLA,Amazon Fire Tv Stick 4k De Voz 4k 8gb Negro Con Memoria Ram ,279736282,MLA352001,8729.0,199,150,0,buy_it_now,new,7,True,MLA-STREAMING_MEDIA_DEVICES,19
MLA874496313,MLA,Amazon Fire Tv Stick 4k De Voz 4k 8gb Con Memoria Ram Nuevo!,247639927,MLA352001,10989.0,20,1,0,buy_it_now,new,2,True,MLA-STREAMING_MEDIA_DEVICES,20
MLA874494663,MLA,Amazon Fire Tv Stick 4k De Voz 4k 8gb Con Memoria Ram Nuevo!,247639927,MLA352001,7989.0,20,1,0,buy_it_now,new,2,True,MLA-STREAMING_MEDIA_DEVICES,19
MLA873977850,MLA, Amazon Fire Tv 4k Stick Full Hd 8gb Alexa Control D Voz,279736282,MLA352001,8729.0,199,150,0,buy_it_now,new,7,True,MLA-STREAMING_MEDIA_DEVICES,19
MLA873978680,MLA, Amazon Fire Tv Stick 4k Control De Voz Full Hd 8gb 4k,279736282,MLA352001,7390.0,199,150,0,buy_it_now,new,7,True,MLA-STREAMING_MEDIA_DEVICES,19
MLA873976887,MLA,Amazon Fire Tv Stick 4k De Voz 4k 8gb Negro Con Memoria Ram ,279736282,MLA352001,7390.0,200,150,0,buy_it_now,new,7,True,MLA-STREAMING_MEDIA_DEVICES,19
MLA874767897,MLA,Amazon Fire Tv Stick 2nd Gen Full Hd 8gb Control De Voz,193745111,MLA352001,5399.0,4,1,2,buy_it_now,new,4,True,MLA-STREAMING_MEDIA_DEVICES,19
MLA867983700,MLA,Amazon Fire Tv Stick (2nd Generation) De Voz Full Hd 8gb Neg,199340505,MLA352001,7250.0,11,1,0,buy_it_now,new,2,True,MLA-STREAMING_MEDIA_DEVICES,18
MLA874541603,MLA, Amazon Fire Tv Stick 4k 8gb/1.5 Gb Ram Control X Voz Alexa ,5165223,MLA352001,7990.0,3,1,0,buy_it_now,new,10,True,MLA-STREAMING_MEDIA_DEVICES,17
MLA854734173,MLA,Fire Tv Stick De Amazon Stream Con Alexa Original Envios,274597986,MLA352001,15799.0,2,1,0,buy_it_now,new,3,True,MLA-STREAMING_MEDIA_DEVICES,20
MLA866946752,MLA,Amazon Fire Tv Stick 2da Gen 1080p Alexa Wifi Sellado Gtia,197116740,MLA352001,4999.0,30,1,5,buy_it_now,new,6,True,MLA-STREAMING_MEDIA_DEVICES,16
MLA867485372,MLA,Amazon Fire Tv Stick 4k Uhd Control De Voz Sellado Orig Gtia,197116740,MLA352001,7999.0,15,1,5,buy_it_now,new,8,True,MLA-STREAMING_MEDIA_DEVICES,17
MLA867473940,MLA,Amazon Fire Tv Stick 2da Gen Full Hd 1080p Wifi Sellado ,268838570,MLA352001,6999.0,18,1,3,buy_it_now,new,7,True,MLA-STREAMING_MEDIA_DEVICES,17
MLA868244894,MLA,Amazon Fire Tv Stick 4k Uhd Control De Voz Sellado ,268838570,MLA352001,8099.0,12,1,2,buy_it_now,new,8,True,MLA-STREAMING_MEDIA_DEVICES,17
MLA868099112,MLA,Amazon Fire Tv Stick 4k Uhd Control De Voz Sellado Orig Gtia,197116740,MLA352001,9699.0,13,1,3,buy_it_now,new,8,True,MLA-STREAMING_MEDIA_DEVICES,17
MLA866947928,MLA,Amazon Fire Tv Stick 2da Gen 1080p Alexa Wifi Sellado Gtia,197116740,MLA352001,5999.0,5,1,2,buy_it_now,new,6,True,MLA-STREAMING_MEDIA_DEVICES,16
MLA872631403,MLA,Amazon Fire Tv Stick 2nd Gen Control De Voz Full Hd Netflix,9316603,MLA352001,7000.0,9,1,0,buy_it_now,new,5,True,MLA-STREAMING_MEDIA_DEVICES,16
MLA874228882,MLA,Amazon Fire Tv Stick Full Hd 8gb Control Remoto Tu Voz,199764973,MLA352001,7889.0,110,100,0,buy_it_now,new,10,True,MLA-STREAMING_MEDIA_DEVICES,17
MLA867474010,MLA,Amazon Fire Tv Stick 2da Gen Full Hd 1080p Wifi Sellado ,268838570,MLA352001,8499.0,14,1,3,buy_it_now,new,7,True,MLA-STREAMING_MEDIA_DEVICES,16
MLA874229285,MLA,Amazon Fire Tv Stick Full Hd 8gb Control Remoto Tu Voz Cuota,199764973,MLA352001,9861.0,110,100,0,buy_it_now,new,10,True,MLA-STREAMING_MEDIA_DEVICES,17
MLA854733282,MLA,Fire Tv Stick De Amazon Stream Con Alexa Nuevo,274597986,MLA352001,11999.0,3,1,0,buy_it_now,new,3,True,MLA-STREAMING_MEDIA_DEVICES,20
MLA872643063,MLA,Fire Tv Stick Amazon Voz Fullhd 8gb Original Hdmi 4k Control,109415,MLA352001,8499.0,10,1,2,buy_it_now,new,2,True,MLA-STREAMING_MEDIA_DEVICES,17
MLA868244013,MLA,Amazon Fire Tv Stick 4k Uhd Control De Voz Sellado ,268838570,MLA352001,9799.0,7,1,1,buy_it_now,new,9,True,MLA-STREAMING_MEDIA_DEVICES,17
MLA863078689,MLA,Amazon Fire Tv Stick Voice Remote Con Alexa 2da Gen. Netflix,233504916,MLA352001,6979.0,20,1,5,buy_it_now,new,6,True,MLA-STREAMING_MEDIA_DEVICES,22
MLA863077898,MLA,Amazon Fire Tv Stick 2da Gen. Voice Remote Con Alexa Netflix,233504916,MLA352001,8499.0,1000,500,1,buy_it_now,new,6,True,MLA-STREAMING_MEDIA_DEVICES,20
MLA867432773,MLA, Amazon Fire Tv Stick (2nd Geb) De Voz Full Hd 8gb Negro,74202028,MLA352001,6599.0,20,1,3,buy_it_now,new,5,True,MLA-STREAMING_MEDIA_DEVICES,20
MLA874435216,MLA,Amazon Reproductor Multimedia Fire Tv Stick Full Hd 2nd Gen,557639592,MLA352001,5799.0,8,1,0,buy_it_now,new,3,True,MLA-STREAMING_MEDIA_DEVICES,17
MLA823994592,MLA,Amazon Fire Tv Stick Con Alexa Voice Remote 2da Gen N Cuotas,77842811,MLA352001,10052.0,3,1,2,buy_it_now,new,4,True,MLA-STREAMING_MEDIA_DEVICES,16
MLA874120041,MLA,Izalo: Amazon Fire Tv Stick Full Hd 1080p + Mercadopago,124358771,MLA352001,9749.0,7,1,0,buy_it_now,new,5,True,MLA-STREAMING_MEDIA_DEVICES,20
MLA874118834,MLA,Izalo: Amazon Fire Tv Stick Full Hd 1080p + Mercadopago,124358771,MLA352001,11699.0,7,1,0,buy_it_now,new,5,True,MLA-STREAMING_MEDIA_DEVICES,20
MLA870003368,MLA,Fire Tv Stick Segunda Generación,140634194,MLA352001,6000.0,1,1,0,buy_it_now,used,3,True,MLA-STREAMING_MEDIA_DEVICES,16
MLA868449113,MLA,Amazon Reproductor Multimedia Fire Tv Stick 4k,557639592,MLA352001,7900.0,7,1,0,buy_it_now,new,4,True,MLA-STREAMING_MEDIA_DEVICES,19
MLA869815563,MLA,Amazon Fire Tv Primera Generación,537844302,MLA352001,5500.0,10,1,0,buy_it_now,new,5,True,MLA-STREAMING_MEDIA_DEVICES,12
MLA861861051,MLA,Amazon Fire Tv Stick (3rd Generation),31666786,MLA352001,11000.0,2,1,1,buy_it_now,new,6,True,MLA-STREAMING_MEDIA_DEVICES,6
MLA867431696,MLA, Amazon Fire Tv Stick (2nd Geb) De Voz Full Hd 8gb Negro,74202028,MLA352001,5499.0,20,1,4,buy_it_now,new,5,True,MLA-STREAMING_MEDIA_DEVICES,16
MLA872313866,MLA,Amazon Fire Tv Cube Stream Media A Pedido! ,622780388,MLA352001,35847.71,200,150,0,buy_it_now,new,2,True,MLA-STREAMING_MEDIA_DEVICES,26
MLA874559723,MLA,Amazon Fire Tv - Se Reinicia Constantemente,77732305,MLA352001,2990.0,1,1,0,buy_it_now,used,3,True,MLA-STREAMING_MEDIA_DEVICES,8
MLA823995213,MLA,Amazon Fire Tv Stick Con Alexa Voice Remote 2da Gen Netflix,77842811,MLA352001,7854.0,15,1,5,buy_it_now,new,4,True,MLA-STREAMING_MEDIA_DEVICES,17
MLA872987401,MLA,Fire Stick Amazon 2da Gen Streaming Smart Tv,531696998,MLA352001,5195.0,1,1,0,buy_it_now,new,6,True,MLA-STREAMING_MEDIA_DEVICES,16
MLA869722079,MLA,Amazon Diré Tv Stick 4k Alexandro Control Por Voz,524348245,MLA352001,8500.0,1,1,0,buy_it_now,new,2,True,MLA-STREAMING_MEDIA_DEVICES,18
MLA734090755,MLA,Amazon Fire Tv Cube Stream Media A Pedido! ,90952429,MLA352001,46847.71,1,1,0,buy_it_now,new,6,True,MLA-STREAMING_MEDIA_DEVICES,12
MLA864863087,MLA,Amazon Fire Tv Stick Smart Original Con Control Voz Alexa ,439402436,MLA352001,7699.9,1,1,0,buy_it_now,used,2,True,MLA-STREAMING_MEDIA_DEVICES,17
MLA874105859,MLA,Amazon Fire Tv Stick Usado 2da Gen Alexa Remote,166964356,MLA352001,5500.0,1,1,0,buy_it_now,used,3,True,MLA-STREAMING_MEDIA_DEVICES,20
MLA870135242,MLA,Amazon Fire Tv  4k Ultra Hd,139827556,MLA352001,10500.0,1,1,0,buy_it_now,used,4,True,MLA-STREAMING_MEDIA_DEVICES,9
MLA871222379,MLA,Amazon Fire Tv Stick 2da Generación Con Alexa,74532839,MLA352001,5199.0,1,1,0,buy_it_now,used,3,True,MLA-STREAMING_MEDIA_DEVICES,19
MLA874128389,MLA,Fire Stick 4k ,311423716,MLA352001,6990.0,1,1,0,buy_it_now,used,3,True,MLA-STREAMING_MEDIA_DEVICES,17
MLA874438420,MLA,Fire Tv Stick Amazon Tv Smart,189142135,MLA352001,5799.0,1,1,0,buy_it_now,used,5,True,MLA-STREAMING_MEDIA_DEVICES,22
MLA875670467,MLA,Fire Tv Stick,22294882,MLA352001,8999.0,1,1,0,buy_it_now,used,4,True,MLA-STREAMING_MEDIA_DEVICES,16
MLA873879338,MLA,Amazon Fire Tv Primera Generación  ,16609616,MLA352001,8000.0,1,1,0,buy_it_now,used,5,True,MLA-STREAMING_MEDIA_DEVICES,12
MLA873826503,MLA,Amazon Firetv Stick,215104738,MLA352001,5000.0,1,1,0,buy_it_now,used,4,True,MLA-STREAMING_MEDIA_DEVICES,18
MLA874434535,MLA,Amazon Fire Tv Stick 2da Generación,130019987,MLA352001,5000.0,1,1,0,buy_it_now,used,5,True,MLA-STREAMING_MEDIA_DEVICES,15
MLA873819605,MLA," Amazon Fire Tv Stick - Netflix, Youtube",81040399,MLA352001,5000.0,1,1,0,buy_it_now,used,5,True,MLA-STREAMING_MEDIA_DEVICES,16
MLA867736678,MLA,Amazon Tv ,257505585,MLA352001,5000.0,1,1,0,buy_it_now,used,3,True,MLA-STREAMING_MEDIA_DEVICES,10
MLA874228879,MLA,Amazon Fire Tv Stick,1551067,MLA352001,3800.0,1,1,0,buy_it_now,used,4,True,MLA-STREAMING_MEDIA_DEVICES,19
MLA872314170,MLA,Amazon Fire Tv Cube Stream Media A Pedido! ,622780388,MLA352001,35847.71,200,150,0,buy_it_now,new,2,True,MLA-STREAMING_MEDIA_DEVICES,26
MLA869340223,MLA,Amazon Fire Stick 1ra Generación ,75402597,MLA352001,4300.0,1,1,0,buy_it_now,used,3,True,MLA-STREAMING_MEDIA_DEVICES,10
MLA826221817,MLA,Amazon Fire Tv Stick Control Voz Alexa 2da Gen Original,174207340,MLA352001,5499.0,18,1,4,buy_it_now,new,4,True,MLA-STREAMING_MEDIA_DEVICES,19
MLA875148960,MLA,Fire Tv Stick,296893127,MLA352001,3500.0,1,1,0,buy_it_now,used,2,True,MLA-STREAMING_MEDIA_DEVICES,17
MLA872314188,MLA,Amazon Fire Tv Cube Stream Media A Pedido! ,622780388,MLA352001,35847.71,200,150,0,buy_it_now,new,2,True,MLA-STREAMING_MEDIA_DEVICES,26
MLA866479947,MLA,Amazon Fire Tv,202428653,MLA352001,16800.0,1,1,0,buy_it_now,used,1,True,MLA-STREAMING_MEDIA_DEVICES,8
MLA869242037,MLA,Amazon Fire Tv,50761563,MLA352001,6500.0,1,1,0,buy_it_now,used,3,True,MLA-STREAMING_MEDIA_DEVICES,21
MLA874898603,MLA, Amazon Fire Tv Stick (2nd Gen) W/alexa Voice Full Hd 8g,64617853,MLA352001,8999.0,1,1,0,buy_it_now,new,2,True,MLA-STREAMING_MEDIA_DEVICES,18
MLA874452389,MLA,Amazon Fire Tv Stick,456345143,MLA352001,5000.0,1,1,0,buy_it_now,new,6,True,MLA-STREAMING_MEDIA_DEVICES,15
MLA874649835,MLA,Amazon Fire Tv Con Joystick,353807014,MLA352001,12000.0,1,1,0,buy_it_now,used,3,True,MLA-STREAMING_MEDIA_DEVICES,16
MLA869858954,MLA,Fire Stick Tv Amazon,28763550,MLA352001,8000.0,1,1,0,buy_it_now,used,8,True,MLA-STREAMING_MEDIA_DEVICES,17
MLA865654718,MLA,Amazon Fire Tv 2da Generación Alexa Netflix,188944804,MLA352001,10500.0,1,1,0,buy_it_now,used,3,True,MLA-STREAMING_MEDIA_DEVICES,16
MLA874722890,MLA,Fire Tv Stick 4k Uhd Alexa Control Por Vos. Multim 8gb ,38293921,MLA352001,12499.0,1,1,0,buy_it_now,new,5,True,MLA-STREAMING_MEDIA_DEVICES,20
MLA847598973,MLA,Amazon Fire Tv Stick Smart Control Voz Alexa Original Permut,232654072,MLA352001,7499.9,1,1,0,buy_it_now,used,6,True,MLA-STREAMING_MEDIA_DEVICES,17
MLA872132451,MLA,Amazon Fire Tv Stick Hd 8gb 2da Generación Con Voz Alexa,8898790,MLA352001,5749.0,1,1,0,buy_it_now,new,5,True,MLA-STREAMING_MEDIA_DEVICES,19
MLA874072889,MLA,Amazon Fire Tv 2nd Gen - Oferta!,80046616,MLA352001,5500.0,1,1,0,buy_it_now,new,3,True,MLA-STREAMING_MEDIA_DEVICES,16
MLA869801479,MLA,Amazon Fire Stick 4k Impecable,13789621,MLA352001,11500.0,1,1,0,buy_it_now,used,3,True,MLA-STREAMING_MEDIA_DEVICES,17
MLA761960328,MLA,Amazon Fire Tv Stick Stream Alexa Hdmi Smart 2gen. Fact A B ,64647504,MLA352001,11659.98,22,1,3,buy_it_now,new,3,True,MLA-STREAMING_MEDIA_DEVICES,22
MLA863724535,MLA,Amazon Fire Stick 4k,53031342,MLA352001,8250.0,1,1,0,buy_it_now,new,2,True,MLA-STREAMING_MEDIA_DEVICES,17
MLA868275994,MLA,Amazon Fire Tv Nuevo Cerrado!,91075109,MLA352001,6500.0,1,1,0,buy_it_now,new,5,True,MLA-STREAMING_MEDIA_DEVICES,16
MLA846491264,MLA, Fire Tv Cube Stream Media  ,311373062,MLA352001,38232.0,10,1,0,buy_it_now,new,1,True,MLA-STREAMING_MEDIA_DEVICES,10
