q,total_items,page,item_id
Google Home,96,0,MLA746509501
Google Home,96,0,MLA868448532
Google Home,96,0,MLA747593028
Google Home,96,0,MLA721141246
Google Home,96,0,MLA763380385
Google Home,96,0,MLA758168724
Google Home,96,0,MLA829306982
Google Home,96,0,MLA860966498
Google Home,96,0,MLA835872692
Google Home,96,0,MLA868863438
Google Home,96,0,MLA874517599
Google Home,96,0,MLA874518149
Google Home,96,0,MLA872009522
Google Home,96,0,MLA867691178
Google Home,96,0,MLA855019540
Google Home,96,0,MLA863056590
Google Home,96,0,MLA694840044
Google Home,96,0,MLA850868000
Google Home,96,0,MLA729305396
Google Home,96,0,MLA866136495
Google Home,96,0,MLA873210691
Google Home,96,0,MLA862820574
Google Home,96,0,MLA869347577
Google Home,96,0,MLA875206222
Google Home,96,0,MLA763380836
Google Home,96,0,MLA873235618
Google Home,96,0,MLA873235565
Google Home,96,0,MLA860967814
Google Home,96,0,MLA836747661
Google Home,96,0,MLA870408880
Google Home,96,0,MLA874483540
Google Home,96,0,MLA838212566
Google Home,96,0,MLA862156218
Google Home,96,0,MLA865181034
Google Home,96,0,MLA860969801
Google Home,96,0,MLA874102854
Google Home,96,0,MLA870404675
Google Home,96,0,MLA869135415
Google Home,96,0,MLA872331533
Google Home,96,0,MLA874105187
Google Home,96,0,MLA762899603
Google Home,96,0,MLA863078507
Google Home,96,0,MLA857710195
Google Home,96,0,MLA874483632
Google Home,96,0,MLA858332153
Google Home,96,0,MLA860966852
Google Home,96,0,MLA762899604
Google Home,96,0,MLA762283141
Google Home,96,0,MLA875455419
Google Home,96,50,MLA874246745
Google Home,96,50,MLA860968751
Google Home,96,50,MLA823568504
Google Home,96,50,MLA870844558
Google Home,96,50,MLA860969907
Google Home,96,50,MLA860968876
Google Home,96,50,MLA874345304
Google Home,96,50,MLA860967772
Google Home,96,50,MLA870468692
Google Home,96,50,MLA857704576
Google Home,96,50,MLA842038349
Google Home,96,50,MLA873613441
Google Home,96,50,MLA873595131
Google Home,96,50,MLA875677647
Google Home,96,50,MLA873741469
Google Home,96,50,MLA875194351
Google Home,96,50,MLA870860521
Google Home,96,50,MLA871427544
Google Home,96,50,MLA873792045
Google Home,96,50,MLA869696917
Google Home,96,50,MLA873003396
Google Home,96,50,MLA873245368
Google Home,96,50,MLA866115743
Google Home,96,50,MLA875736898
Google Home,96,50,MLA875388529
Google Home,96,50,MLA870107174
Google Home,96,50,MLA870946833
Google Home,96,50,MLA866547641
Google Home,96,50,MLA874753113
Google Home,96,50,MLA873995698
Google Home,96,50,MLA871351228
Google Home,96,50,MLA838998041
Google Home,96,50,MLA871593570
Google Home,96,50,MLA874344037
Google Home,96,50,MLA874786831
Google Home,96,50,MLA870258372
Google Home,96,50,MLA868022506
Google Home,96,50,MLA871569589
Google Home,96,50,MLA874948943
Google Home,96,50,MLA868121147
Google Home,96,50,MLA874453981
Google Home,96,50,MLA868387967
Google Home,96,50,MLA867601031
Google Home,96,50,MLA863052117
Google Home,96,50,MLA866611900
Google Home,96,50,MLA861709632
Apple TV,193,0,MLA869502774
Apple TV,193,0,MLA869775271
Apple TV,193,0,MLA856437188
Apple TV,193,0,MLA869585237
Apple TV,193,0,MLA645037554
Apple TV,193,0,MLA854996346
Apple TV,193,0,MLA870166650
Apple TV,193,0,MLA854997232
Apple TV,193,0,MLA868668286
Apple TV,193,0,MLA861226515
Apple TV,193,0,MLA755109392
Apple TV,193,0,MLA869763325
Apple TV,193,0,MLA824712843
Apple TV,193,0,MLA874446645
Apple TV,193,0,MLA874746520
Apple TV,193,0,MLA868853687
Apple TV,193,0,MLA874018532
Apple TV,193,0,MLA859666183
Apple TV,193,0,MLA868929287
Apple TV,193,0,MLA874186575
Apple TV,193,0,MLA869472265
Apple TV,193,0,MLA872376085
Apple TV,193,0,MLA873555428
Apple TV,193,0,MLA873096163
Apple TV,193,0,MLA871690593
Apple TV,193,0,MLA875568009
Apple TV,193,0,MLA873845943
Apple TV,193,0,MLA867588480
Apple TV,193,0,MLA874940975
Apple TV,193,0,MLA872778356
Apple TV,193,0,MLA873201783
Apple TV,193,0,MLA867122051
Apple TV,193,0,MLA874622479
Apple TV,193,0,MLA872642193
Apple TV,193,0,MLA870913633
Apple TV,193,0,MLA864891121
Apple TV,193,0,MLA871992459
Apple TV,193,0,MLA874978765
Apple TV,193,0,MLA872725047
Apple TV,193,0,MLA871556950
Apple TV,193,0,MLA874864732
Apple TV,193,0,MLA871447593
Apple TV,193,0,MLA872886324
Apple TV,193,0,MLA861696117
Apple TV,193,0,MLA872761171
Apple TV,193,0,MLA851182246
Apple TV,193,0,MLA870705483
Apple TV,193,0,MLA872342950
Apple TV,193,0,MLA866562074
Apple TV,193,0,MLA868844281
Apple TV,193,50,MLA873832587
Apple TV,193,50,MLA871717390
Apple TV,193,50,MLA756521943
Apple TV,193,50,MLA874346604
Apple TV,193,50,MLA872028114
Apple TV,193,50,MLA872027201
Apple TV,193,50,MLA853466634
Apple TV,193,50,MLA859970566
Apple TV,193,50,MLA759439817
Apple TV,193,50,MLA756085558
Apple TV,193,50,MLA618488655
Apple TV,193,50,MLA874433432
Apple TV,193,50,MLA870970215
Apple TV,193,50,MLA871863584
Apple TV,193,50,MLA866954711
Apple TV,193,50,MLA869097485
Apple TV,193,50,MLA874994989
Apple TV,193,50,MLA873344266
Apple TV,193,50,MLA874771337
Apple TV,193,50,MLA875306250
Apple TV,193,50,MLA868152486
Apple TV,193,50,MLA874004197
Apple TV,193,50,MLA871802001
Apple TV,193,50,MLA866637743
Apple TV,193,50,MLA874093812
Apple TV,193,50,MLA868014872
Apple TV,193,50,MLA875213597
Apple TV,193,50,MLA872246924
Apple TV,193,50,MLA875523371
Apple TV,193,50,MLA872194172
Apple TV,193,50,MLA873078638
Apple TV,193,50,MLA874884674
Apple TV,193,50,MLA873600379
Apple TV,193,50,MLA871075195
Apple TV,193,50,MLA873226941
Apple TV,193,50,MLA872858306
Apple TV,193,50,MLA875310589
Apple TV,193,50,MLA871891897
Apple TV,193,50,MLA874671182
Apple TV,193,50,MLA869874817
Apple TV,193,50,MLA872100006
Apple TV,193,50,MLA870596360
Apple TV,193,50,MLA873643584
Apple TV,193,50,MLA874981699
Apple TV,193,50,MLA873672786
Apple TV,193,50,MLA869012950
Apple TV,193,50,MLA875455145
Apple TV,193,50,MLA875820954
Apple TV,193,50,MLA873551879
Apple TV,193,50,MLA874497443
Apple TV,193,100,MLA869431524
Apple TV,193,100,MLA870042713
Apple TV,193,100,MLA872709034
Apple TV,193,100,MLA870931269
Apple TV,193,100,MLA874057485
Apple TV,193,100,MLA871394379
Apple TV,193,100,MLA874665220
Apple TV,193,100,MLA873021401
Apple TV,193,100,MLA873693577
Apple TV,193,100,MLA870251940
Apple TV,193,100,MLA872867628
Apple TV,193,100,MLA869720616
Apple TV,193,100,MLA868996121
Apple TV,193,100,MLA871242127
Apple TV,193,100,MLA875215863
Apple TV,193,100,MLA873156816
Apple TV,193,100,MLA873690216
Apple TV,193,100,MLA873341609
Apple TV,193,100,MLA872717980
Apple TV,193,100,MLA873126424
Apple TV,193,100,MLA875456003
Apple TV,193,100,MLA874723511
Apple TV,193,100,MLA875470138
Apple TV,193,100,MLA871018508
Apple TV,193,100,MLA871293193
Apple TV,193,100,MLA870804080
Apple TV,193,100,MLA871001049
Apple TV,193,100,MLA866919748
Apple TV,193,100,MLA867168248
Apple TV,193,100,MLA870266188
Apple TV,193,100,MLA874524944
Apple TV,193,100,MLA874508873
Apple TV,193,100,MLA875148474
Apple TV,193,100,MLA874123724
Apple TV,193,100,MLA874513846
Apple TV,193,100,MLA870653304
Apple TV,193,100,MLA874836264
Apple TV,193,100,MLA875294078
Apple TV,193,100,MLA875347695
Apple TV,193,100,MLA875700213
Apple TV,193,100,MLA871371966
Apple TV,193,100,MLA868131317
Apple TV,193,100,MLA867667786
Apple TV,193,100,MLA872141442
Apple TV,193,100,MLA872015085
Apple TV,193,100,MLA875786611
Apple TV,193,100,MLA870981787
Apple TV,193,100,MLA873741017
Apple TV,193,100,MLA820233468
Apple TV,193,100,MLA872669013
Apple TV,193,150,MLA869644355
Apple TV,193,150,MLA874639215
Apple TV,193,150,MLA872009087
Apple TV,193,150,MLA870273644
Apple TV,193,150,MLA874531156
Apple TV,193,150,MLA872139427
Apple TV,193,150,MLA873253882
Apple TV,193,150,MLA871599473
Apple TV,193,150,MLA870190282
Apple TV,193,150,MLA873070418
Apple TV,193,150,MLA871173729
Apple TV,193,150,MLA868784617
Apple TV,193,150,MLA870388746
Apple TV,193,150,MLA867353118
Apple TV,193,150,MLA871400100
Apple TV,193,150,MLA874470965
Apple TV,193,150,MLA866339596
Apple TV,193,150,MLA871290343
Apple TV,193,150,MLA860732905
Apple TV,193,150,MLA873646015
Apple TV,193,150,MLA875046890
Apple TV,193,150,MLA875527119
Apple TV,193,150,MLA874782441
Apple TV,193,150,MLA874695172
Apple TV,193,150,MLA873956632
Apple TV,193,150,MLA867717608
Apple TV,193,150,MLA869158187
Apple TV,193,150,MLA874861363
Apple TV,193,150,MLA874695309
Apple TV,193,150,MLA799826358
Apple TV,193,150,MLA874247325
Apple TV,193,150,MLA874696207
Apple TV,193,150,MLA874695455
Apple TV,193,150,MLA874695509
Apple TV,193,150,MLA686007793
Apple TV,193,150,MLA873079141
Apple TV,193,150,MLA686008809
Apple TV,193,150,MLA852852074
Apple TV,193,150,MLA603636719
Apple TV,193,150,MLA609133488
Apple TV,193,150,MLA871979082
Apple TV,193,150,MLA707237526
Apple TV,193,150,MLA707237227
Amazon Fire TV,104,0,MLA863083343
Amazon Fire TV,104,0,MLA868449820
Amazon Fire TV,104,0,MLA869911275
Amazon Fire TV,104,0,MLA870897754
Amazon Fire TV,104,0,MLA873691053
Amazon Fire TV,104,0,MLA863077260
Amazon Fire TV,104,0,MLA869914290
Amazon Fire TV,104,0,MLA862580699
Amazon Fire TV,104,0,MLA862578816
Amazon Fire TV,104,0,MLA869858408
Amazon Fire TV,104,0,MLA871562754
Amazon Fire TV,104,0,MLA875087652
Amazon Fire TV,104,0,MLA874504079
Amazon Fire TV,104,0,MLA874505930
Amazon Fire TV,104,0,MLA874507410
Amazon Fire TV,104,0,MLA871126075
Amazon Fire TV,104,0,MLA874503142
Amazon Fire TV,104,0,MLA874503353
Amazon Fire TV,104,0,MLA874504315
Amazon Fire TV,104,0,MLA863077327
Amazon Fire TV,104,0,MLA862579454
Amazon Fire TV,104,0,MLA855013732
Amazon Fire TV,104,0,MLA874494169
Amazon Fire TV,104,0,MLA874274069
Amazon Fire TV,104,0,MLA874229363
Amazon Fire TV,104,0,MLA874494768
Amazon Fire TV,104,0,MLA869906411
Amazon Fire TV,104,0,MLA862579212
Amazon Fire TV,104,0,MLA868096670
Amazon Fire TV,104,0,MLA873978802
Amazon Fire TV,104,0,MLA874496313
Amazon Fire TV,104,0,MLA874494663
Amazon Fire TV,104,0,MLA873977850
Amazon Fire TV,104,0,MLA873978680
Amazon Fire TV,104,0,MLA873976887
Amazon Fire TV,104,0,MLA874767897
Amazon Fire TV,104,0,MLA867983700
Amazon Fire TV,104,0,MLA874541603
Amazon Fire TV,104,0,MLA854734173
Amazon Fire TV,104,0,MLA866946752
Amazon Fire TV,104,0,MLA867485372
Amazon Fire TV,104,0,MLA867473940
Amazon Fire TV,104,0,MLA868244894
Amazon Fire TV,104,0,MLA868099112
Amazon Fire TV,104,0,MLA866947928
Amazon Fire TV,104,0,MLA872631403
Amazon Fire TV,104,0,MLA874228882
Amazon Fire TV,104,0,MLA867474010
Amazon Fire TV,104,0,MLA874229285
Amazon Fire TV,104,0,MLA854733282
Amazon Fire TV,104,50,MLA872643063
Amazon Fire TV,104,50,MLA868244013
Amazon Fire TV,104,50,MLA863078689
Amazon Fire TV,104,50,MLA863077898
Amazon Fire TV,104,50,MLA867432773
Amazon Fire TV,104,50,MLA874435216
Amazon Fire TV,104,50,MLA823994592
Amazon Fire TV,104,50,MLA874120041
Amazon Fire TV,104,50,MLA874118834
Amazon Fire TV,104,50,MLA870003368
Amazon Fire TV,104,50,MLA868449113
Amazon Fire TV,104,50,MLA869815563
Amazon Fire TV,104,50,MLA861861051
Amazon Fire TV,104,50,MLA867431696
Amazon Fire TV,104,50,MLA872313866
Amazon Fire TV,104,50,MLA874559723
Amazon Fire TV,104,50,MLA823995213
Amazon Fire TV,104,50,MLA872987401
Amazon Fire TV,104,50,MLA869722079
Amazon Fire TV,104,50,MLA734090755
Amazon Fire TV,104,50,MLA864863087
Amazon Fire TV,104,50,MLA874105859
Amazon Fire TV,104,50,MLA870135242
Amazon Fire TV,104,50,MLA871222379
Amazon Fire TV,104,50,MLA874128389
Amazon Fire TV,104,50,MLA874438420
Amazon Fire TV,104,50,MLA875670467
Amazon Fire TV,104,50,MLA873879338
Amazon Fire TV,104,50,MLA873826503
Amazon Fire TV,104,50,MLA874434535
Amazon Fire TV,104,50,MLA873819605
Amazon Fire TV,104,50,MLA867736678
Amazon Fire TV,104,50,MLA874228879
Amazon Fire TV,104,50,MLA872314170
Amazon Fire TV,104,50,MLA869340223
Amazon Fire TV,104,50,MLA826221817
Amazon Fire TV,104,50,MLA875148960
Amazon Fire TV,104,50,MLA872314188
Amazon Fire TV,104,50,MLA866479947
Amazon Fire TV,104,50,MLA869242037
Amazon Fire TV,104,50,MLA874898603
Amazon Fire TV,104,50,MLA874452389
Amazon Fire TV,104,50,MLA874649835
Amazon Fire TV,104,50,MLA869858954
Amazon Fire TV,104,50,MLA865654718
Amazon Fire TV,104,50,MLA874722890
Amazon Fire TV,104,50,MLA847598973
Amazon Fire TV,104,50,MLA872132451
Amazon Fire TV,104,50,MLA874072889
Amazon Fire TV,104,50,MLA869801479
Amazon Fire TV,104,100,MLA761960328
Amazon Fire TV,104,100,MLA863724535
Amazon Fire TV,104,100,MLA868275994
Amazon Fire TV,104,100,MLA846491264
